order_id,payment_sequential,payment_type,payment_installments,payment_value,
00d8d65b666158b633f96054d31af43b,1,boleto,1,130.88,
02951078a21a2d9341ea16089a4d5031,1,credit_card,12,257.1,
009ac365164f8e06f59d18a08045f6c4,5,voucher,1,8.75,
019bdbaef5b5121c9b1811976aa510a5,1,boleto,1,108.64,
01e6f40a293da5a9dc11e49695c7541d,1,boleto,1,64.09,
0132158c30672a8c52997a2492613ec2,1,credit_card,8,413.31,
026a69b8c98fbfc61de9050c41f1dd95,1,credit_card,3,135.47,
023b49300b34f2b9961857266df731dc,1,credit_card,2,162.75,
010e7dda85fff564e8b7076ae3928efb,1,credit_card,10,133.34,
0159c6355a4e32f6ac68d838e2228150,1,credit_card,15,242.11,
028e8f5a96db8d372890e03d22829e9b,1,credit_card,1,20.75,
006df90050498994d670b40da4651d22,1,credit_card,1,21.39,
0123098b96f3d4014545642be53d891c,1,credit_card,2,117.08,
0229b2e398fde4545d32b5bb232973ad,1,credit_card,4,1017.63,
015e6682b50c824bfdab6b866f937936,1,boleto,1,168.27,
0049edf42837aa808e03552a62bd2158,1,credit_card,1,67.5,
016befe103ce7c9e5b1b7ef359777eea,1,credit_card,3,60.85,
00bdcdda88e6b02977fc6ce3d412c600,1,credit_card,1,137.83,
01643942766bdec224d5593041f714e6,1,credit_card,1,47.6,
00018f77f2f0320c557190d7a144bdd3,1,credit_card,3,259.83,
00cb9736c0b43d6c1e2fbb2b88e69f6a,1,credit_card,2,126.74,
0281b24682fddf0c7efcaa299b066827,1,credit_card,1,91.99,
0068468c453d28c8ef3fd089e50a5847,1,credit_card,3,489.85,
00061f2a7bc09da83e415a52dc8a4af1,1,credit_card,3,68.87,
016726239765c18f66826453f39c64e3,1,credit_card,10,265.77,
0217ad862ae7391cc3964c07ce3d6ea1,1,credit_card,3,117.85,
01ebb9ed879d6fa1da4857ed617972ab,1,boleto,1,43.86,
01144cadcf64b6427f0a6580a3033220,1,credit_card,8,171.3,
00f86b368251d739f1896d41469b2b7a,1,credit_card,4,175.05,
0203892ed7a2b76401830f4b82a5a34c,1,credit_card,1,48.62,
01f66e58769f84129811d43eefd187fb,1,credit_card,1,87.62,
00beb247698c6aae94e3f859d279e2cd,1,boleto,1,52.39,
016b451bbcd4f0766dcbeb082cfe89db,1,credit_card,8,415.96,
01b02139ac5f79a5de2c56284af7bb3e,1,boleto,1,148.51,
00254baeb6c932b0a8aeead91fbd02b5,1,credit_card,2,193.01,
0176d7e16d1bd14cde42d9d3a24e525b,1,credit_card,4,102.22,
00335b686d693c7d72deeb12f8e89227,1,boleto,1,80.79,
02557013eeaffd86a6cc5ffd80a4b54e,1,credit_card,2,198.88,
0292fb46a5e22715459cb9a7b96e7aae,1,boleto,1,82.45,
00169e31ef4b29deaae414f9a5e95929,1,boleto,1,55.11,
01be2f7ca246adb9112cb75096af2ee0,1,credit_card,2,172.62,
012973f4cb6743d00d7e2644ddc8804c,1,credit_card,1,33.32,
0220b52f0b019739726d80c64bd4bf08,1,credit_card,4,40.09,
00e1bdb3f1388c8ed222597ee4fa01e7,1,boleto,1,437.59,
0173932ad60ecb31c620fc523d9f40bd,1,credit_card,4,46,
004d76fef3dd46eb4f70da049c8d1f93,1,boleto,1,147.39,
019b02e139cfcd97f93366f7a38f5695,1,credit_card,3,133.95,
000e562887b1f2006d75e0be9558292e,1,credit_card,4,41.11,
028e37ed7cdd54ad41506f61df708cf9,1,credit_card,2,23.38,
019886de8f385a39b75bedbb726fd4ef,1,credit_card,2,188.4,
01c391e962558d0793e8dd8f6bad0999,1,credit_card,4,96.7,
018778568fad26695334c784563c08d4,1,credit_card,4,60.01,
021397df4601b61a8bd063be9b5c54a0,1,credit_card,4,352.05,
015fb6b5f739788434fa690540f90f19,1,boleto,1,475.96,
01a15ee6a1b9050e7678b72cb4c3b486,1,credit_card,3,198.1,
003a94f778ef8cfd50247c8c1b582257,1,credit_card,1,57.98,
028aa7c930356788f861ed1b7f984819,1,credit_card,6,62.94,
017c9c82265e832840e4209750680e94,1,credit_card,3,185.86,
021f21b778ea0a81da47ebe141b1b29c,1,credit_card,3,153.27,
013bc77d3ca5fba084a241fdcb307393,2,voucher,1,17.72,
00c9d0257381c7e9ec13b4505f25b2cf,1,credit_card,7,387.57,
02659c8edf02d1cb48b8b388ac7da90e,1,credit_card,2,202.34,
002c9def9c9b951b1bec6d50753c9891,1,credit_card,1,173.8,
00f6ac4816d12f49026b09f2aa77d15f,1,credit_card,3,163.32,
0204196a1fd266bdc00356eb791b4516,1,credit_card,2,133.28,
00335f75ea6a4455b524a8dd177067f5,1,credit_card,4,177.01,
0205c3dd6f4d8e348ee72fffd114fec4,1,credit_card,5,74.67,
0257956857cf61994611a0a19f4bc247,1,credit_card,1,70.02,
0113c9989fe6e5007795daec0633b405,1,credit_card,1,128.88,
006f7dfffe2d90809598e8f1972b829b,1,credit_card,3,52.64,
01c4f4e08d9e8b7c5bd47e612285993f,1,boleto,1,62.41,
01e7cf79ff6fdb0a65634f714c67dd24,1,credit_card,1,39.15,
027e4543814c3b3509bbe890c569a841,1,credit_card,6,383.12,
00858d03144cc35cfd1dd043647e7c88,1,credit_card,1,184.03,
00602f25bffa1dcfb71e202fbf9824fb,1,boleto,1,93.92,
01cc355e35cf24d314afe6de16c38712,1,boleto,1,46.95,
024a74550cdbd36c0fe3955fc9e2bcf0,1,credit_card,1,35.45,
00c9d9e61ed13f5bf2f0344da1aa4775,1,credit_card,2,56.29,
00fcf938cde49ae138942b632ed62393,1,boleto,1,50.34,
00bd50cdd31bd22e9081e6e2d5b3577b,3,voucher,1,40.46,
00378c6c981f234634c0b9d6128df6dd,1,credit_card,2,52.85,
015975a1ff4fdab8ae6f42eaaffd39fb,1,credit_card,3,167.45,
01f74145603bef2ef33949099b48ad28,1,credit_card,6,87.64,
01a1969ee54e7016bcc0cfeb4fa8c634,1,credit_card,4,207.25,
017b1d6881222283afdc50baf3dcb0d5,1,boleto,1,87.3,
019edbdfeb6923e55558362c2b84ec37,1,boleto,1,78.78,
00efb72d8e18533f736e86770705d094,1,credit_card,2,89.96,
02913330a2afb68b49bc9c5370bd5517,1,credit_card,10,121.88,
029c366599ce117100419a093b7f6132,1,credit_card,2,111.71,
00d85bfe0e28c91b69d0fe1f29255a31,1,boleto,1,203.67,
0199115a1cbfc272c5bd53117772a64a,1,boleto,1,55.04,
00a174dbf11967d260033fa6ab711493,1,credit_card,1,291.43,
0178ff2480e2e8fb84d456dd3dc3d777,1,boleto,1,29.78,
008ce8764db2e397e153000e017475b6,1,credit_card,3,70.88,
011f9dff2545a2cf8ac1809faed3ec88,1,credit_card,10,126.26,
0166cc8756d58b4a30fb49de83527120,1,credit_card,3,37.77,
019d79b37e56c6d56d6323fed0c54d70,1,credit_card,3,66.11,
0071ee2429bc1efdc43aa3e073a5290e,1,voucher,1,100,
00a3a334aec7455a6d3319981499a3da,1,credit_card,3,36.35,
01c79ae32ef95b276907d99e83fe57e5,1,voucher,1,24.68,
00b5e1c770b1868ec1b6b726be3aa9b9,1,credit_card,1,59.25,
02725851051698269253f0823e7824b6,1,credit_card,1,4.55,
0240c9d87266e4cabc3bacdcdc6e77e4,1,credit_card,8,163.98,
00bcee890eba57a9767c7b5ca12d3a1b,1,credit_card,10,772.5,
021f26893462ec6a677baba7f06ce4c1,1,credit_card,6,61.8,
01a75ac3dd000b7628a684be97c29234,1,credit_card,5,58,
02702047ff5a89b9dd2f5afa7dcff91e,1,credit_card,1,58.69,
00fb055886536063afa0dbee07a0944f,1,boleto,1,57.38,
012670c73246a753cbde0a215c2b9e8f,1,credit_card,1,114.84,
00c842d0ae6462afc1d38fc055b02c75,1,debit_card,1,77.57,
00f8fc0cb9d9b7813f1f54fbd75426f1,1,credit_card,1,163.77,
0260196efc012b1f83d543ba8220d0ee,1,credit_card,2,123.54,
00c95282163553a982f38481f9488481,1,credit_card,1,64.9,
011405ae7b89def8ffb3468eb29c299d,1,credit_card,1,37.86,
009838529bb913846ab6670d22865381,1,credit_card,6,176.4,
003f201cdd39cdd59b6447cff2195456,1,credit_card,2,204.06,
000229ec398224ef6ca0657da4fc703e,1,credit_card,5,216.87,
014e78d1239f19fdcafd760d3e52f923,1,credit_card,1,28.5,
014e7d12255fc66b5ea5e6c93eb4be7b,1,credit_card,1,94.3,
00a870c6c06346e85335524935c600c0,1,credit_card,1,69.9,
016b1af508245e59ef75d83e3fe20a92,1,boleto,1,147.64,
022d4b171a04520ca2113a48b6b61380,1,credit_card,1,70.04,
01a4ec962d7589584c11650ca20d728b,1,credit_card,10,421.33,
00a843f5a80c7aea894c558acc29f513,1,credit_card,4,47.09,
01f04ef1bf8714247c5286afd8579353,1,credit_card,8,233.13,
00b4a910f64f24dbcac04fe54088a443,2,voucher,1,48.05,
002d040018d12a3853c059f7f23ab5b1,1,boleto,1,169.84,
015ed18d7ea7ca5c14f3c1decc55daf1,1,credit_card,1,69.16,
006c42f310102c1910b3c5793ce5fc34,1,credit_card,3,250.79,
005b49de51a4e006055e8487a50ad8e4,1,credit_card,4,61.38,
02564f320004c61ebf621191f06365a9,1,credit_card,1,37.75,
01ad4f241a16bff724de081b558f0f4d,1,credit_card,1,327.28,
0108c64ec135e4a7a75e9b5102af9bfa,1,boleto,1,193.53,
01c156f67900e1f33d1234ce92cb18d9,1,credit_card,3,31.7,
014f1e63f9bd4f5578edcf4e5c305a0a,1,credit_card,2,148.24,
01af7745a283aeb0f0754495c4b51ac7,1,credit_card,3,499.69,
0197416059c0e56b5344bf2188066317,1,credit_card,6,421.61,
024ab991361d48e491b7dad2f172b43f,1,credit_card,1,114.02,
011e6e76dd0cd56d26b5b0cb036e80a8,1,credit_card,1,23.28,
01882618ede11253381513166b49429e,1,credit_card,1,48.21,
011b8dd4f8c36fd4fcf50643ce91d58a,1,credit_card,3,265.98,
0029c5db35ef291ce99d1262012e7daa,1,boleto,1,514.37,
0035c0b07126fe9c24a325216fb96064,1,credit_card,10,150.44,
0227da6a9a5c5d03b593cc9c2bce3463,1,credit_card,1,61.52,
025fe62703ce31742dc8bbe8b1a99b56,1,boleto,1,55.43,
00471463a6106056c1a2a809f70de640,1,credit_card,5,265.96,
008fab5602c441d51f30b1464f5d4643,1,credit_card,1,65.55,
02218eb2a33847087a46d34397835b2a,1,boleto,1,48.69,
011bf86f1b7dacebda2c874333cf656b,1,credit_card,10,108.64,
019ccfeea1ea9afbebdad57d65f2e36f,1,credit_card,4,167.81,
00a99c50fdff7e36262caba33821875a,1,credit_card,4,75.29,
0161962c6c561d3acfaa3e2db9a14f96,1,credit_card,2,125.44,
009ac365164f8e06f59d18a08045f6c4,6,voucher,1,4.17,
0170e40334131d971605ae70efb33e4f,1,boleto,1,37.23,
005f25968fc854ea16fb16f5bdbc87c7,1,credit_card,3,86.15,
019636907d07b2433be000d9d6bed153,1,credit_card,1,72.75,
0115abf6b892040abfdd5bdfcb6b2c51,1,boleto,1,207.98,
021645306ea1563079aaec6e96f20d38,1,credit_card,1,159.06,
01e51b7c3025655646143d09b911e1d7,1,credit_card,3,35.02,
009ac365164f8e06f59d18a08045f6c4,1,credit_card,1,0.88,
01e4eeac4002b2e57b7ada6bc3a3c38f,1,credit_card,4,123.5,
0297a2a062d136015afa9f5d9623818f,1,credit_card,1,25.5,
01b276e7af1d9e3ed34b431d39f45fa1,1,credit_card,1,121.09,
004fb5e6f90a178dc74ad2b016649249,1,credit_card,2,143.92,
00f7c5b41250e0126ced62d612ff4711,1,boleto,1,80.67,
019543c0de8386be97738b589ee695aa,1,credit_card,10,596.95,
023dced8c25f743c5fdcf14edabac7a8,1,credit_card,1,19.64,
028df34320b87c04ef6de145db2e8444,1,credit_card,1,135.15,
009ac365164f8e06f59d18a08045f6c4,2,voucher,1,4.5,
01908071e35fdc75bc0d7764f153abc2,1,boleto,1,114.65,
009c278fa2ed6e7ec498200b60193ca8,1,credit_card,2,45.09,
02624f7cd7272b3e027320023dbdc99b,1,boleto,1,48.69,
0121cfa7c946e6589f50d7012d3eb5eb,1,credit_card,4,46.78,
00b7174ea52bb811ebe2663add51afc0,1,credit_card,5,92.97,
027fb2504084c231e857f6cf558a9992,1,credit_card,2,142.02,
00b9e0f8f588d0406a3de447eb606970,1,boleto,1,56.5,
0035e6b7ade84b3f5b86bd49814793df,1,credit_card,1,34,
016a938f2b34aa5ef05027fc83f5b81b,1,credit_card,4,643.16,
013aa6ba5077072401773f83f1ee6408,1,credit_card,2,178.21,
00bf1320ffb5fe47a845feca16c0e0b4,1,credit_card,8,469.39,
0180ebc47853bfc5997af28f5a7e8849,1,credit_card,6,173.74,
00c826c901ab01b6f598a8f0c9b56b82,1,credit_card,1,92.91,
01336d091c57d8be1feca330c5f047bd,1,credit_card,3,90.73,
0218c7a4fb8d5b1bd22c82b783b8359c,1,credit_card,1,0.01,
0224d4ce99f4262f9554d248dfad743c,1,credit_card,1,68.87,
024602a52e3c89ca5f963affcd2bedad,1,credit_card,3,46.2,
010b143d83a59b355cd5a75c0f0fd785,1,credit_card,8,224.6,
0045e3085f083f0f38d24bb3f22e6593,1,credit_card,3,130.74,
029e9be2972cf662f2cb336e98872ae3,1,credit_card,1,50.22,
00a3f1ef430d3984dece2f39d6cbf431,1,credit_card,8,201.99,
00faa6afcde74aaa630e1d2fda2bb0f7,1,boleto,1,40.76,
00756576f4e494406945ac21cb82cfe0,1,boleto,1,152.71,
01029b44abe6e15c8df48b1b759ab437,1,credit_card,2,93.85,
02742159d4c85a23b993b6f11ae044ea,1,boleto,1,154.36,
01ac6cbac1cda667c97d35046b75668f,1,credit_card,2,21.15,
00c8bfbb0a1224dcdb0180a544247159,1,credit_card,8,173.2,
014176e9538672a32d2a9b73bf53a31f,1,credit_card,6,156.64,
0277fae7eda81470bf6c87dc570e267a,1,credit_card,4,65,
01c7b08f0c05952ce15edb928bb63d2d,1,credit_card,1,300.99,
00e7ee1b050b8499577073aeb2a297a1,1,credit_card,2,146.87,
028cad58dbd393e348c73435f8192919,1,credit_card,10,115,
007beb35f98c075747e6fc4fd1c0cb73,1,credit_card,2,83.59,
0231382a78f19752dabca6a86b618152,1,credit_card,3,86.02,
002f19a65a2ddd70a090297872e6d64e,1,voucher,1,44.11,
0119e98feb97441cb456c010c25b04ff,1,credit_card,1,104.96,
02342201aaaf713fa9f51c6d44444424,1,credit_card,1,47.75,
0057199db02d1a5ef41bacbf41f8f63b,1,boleto,1,37.09,
00119ff934e539cf26f92b9ef0cdfed8,1,credit_card,6,236.88,
0229bc966620f05d9d8fc29c704aa6ff,1,boleto,1,59.87,
00c405bd71187154a7846862f585a9d4,7,voucher,1,20,
006e91ddb0674525f84ce0da0655c7ba,1,credit_card,8,529.35,
00588f5f20fee630b83d4709e0a42715,1,credit_card,4,114.9,
00bd50cdd31bd22e9081e6e2d5b3577b,2,voucher,1,40.46,
00404fa7a687c8c44ca69d42695aae73,1,boleto,1,99.9,
004fb11815bc03b01b20a614eef69d14,1,credit_card,3,92.74,
00137e170939bba5a3134e2386413108,1,boleto,1,421.65,
0268c75309d105bb28b7523f57f46a69,1,credit_card,3,222.61,
01d96f415da1ffc3807bc85852dea189,1,boleto,1,173.53,
020a1591ace758e4c97d7843e1a03a88,1,credit_card,2,26.29,
01c1644529b18608f086d2ff0f3b8181,1,boleto,1,135.59,
01015fb6493ea5b9ba105c80b5452da1,1,credit_card,1,19.85,
0245631f7bd55dbee7c6b441629bba94,1,credit_card,8,939.72,
01ccfbb0ddf88340b6eed3f1370bcf0c,1,credit_card,10,138.78,
004eab0fd8f28adaf8d488976f77febe,1,credit_card,1,33.48,
01b2dd042de98a15b6a9a141bf71c344,1,credit_card,9,95.31,
01c2c8708930c4fb8ed278dfe7ec93c7,1,credit_card,3,257.43,
000576fe39319847cbb9d288c5617fa6,1,credit_card,10,880.75,
01f7d29898cf7c5fcb583a2a29508202,1,credit_card,3,51.63,
0213da24bc9b884c4792ae4c54eb0bf3,1,boleto,1,39.1,
003d9fc84ad902adf2265248b5ffe1a4,1,credit_card,3,94.74,
01da413c142606bf28e461e3a732f653,1,credit_card,2,211.28,
00cb18db3d9c03f8386e7fc70cad2504,1,credit_card,1,144.03,
008dc31c0ae7121f2791953ae5f532c3,1,credit_card,1,62.65,
016754282c7690ebd6658f9f8e0a49bb,1,credit_card,2,67.77,
01b4dfef1c8848e8c0431ce17f5f72ea,1,debit_card,1,48.87,
00d9ac423c9ad6781c0ed04e87666691,1,credit_card,3,379.2,
02358a9949662b292e80635305dea78b,1,boleto,1,84.69,
00dfb074b5c910fbd08e04691c4b712f,1,credit_card,6,134.57,
02640665fed0e2c2cdbe0f266a2aa1f2,1,credit_card,8,162.79,
011667ae100a333a3051c9a23e3f0283,1,credit_card,3,42.09,
011abf147a69ba486bae3a74b6cd1814,1,credit_card,3,296.71,
020c2cd20d09193b79c51797a82aaa3e,1,credit_card,4,90.36,
00e1426d4c79f2e022570012c1ff57ed,1,credit_card,3,86.55,
00a250dbdb3153cc6ecf4d3f07ef6a17,1,credit_card,6,61.77,
024a19cc498cc1a9efcf675d1ca465c3,1,credit_card,4,203.02,
01a6ad782455876aa89081449d49c452,1,credit_card,5,50.09,
02701a0103fedd7310a8d575f9a8d291,1,boleto,1,190.75,
01c18108db50c163daf7dfe461093fb7,1,credit_card,1,127.92,
01442602b15d4127a84ca6ac1507ee2d,1,credit_card,10,523.72,
018cb6a10649393055c272ba2984e8bb,1,credit_card,7,75.08,
0015ebb40fb17286bea51d4607c4733c,1,credit_card,1,37,
00d50baf1bc56a3c59de1810a6b84b0d,1,credit_card,8,188.24,
0286c83491d80e29a5f16c150abb76b2,1,credit_card,1,37.77,
026b41054c5e6b7a4e94a971bb94193c,1,credit_card,3,408.99,
00e6bc6b166eb28b4502c1cad4457248,1,credit_card,2,85.86,
029b1d3a355dec12cfed60927f076a9d,1,credit_card,4,252.38,
02725851051698269253f0823e7824b6,2,voucher,1,22.13,
00ace652c8a5072670f30674e5f19844,1,boleto,1,147.26,
001d8f0e34a38c37f7dba2a37d4eba8b,1,credit_card,2,53.54,
003a7f59d7e08a9c61d9e2881fe6459c,1,credit_card,10,134.28,
012dc9e42da722d22e32c618a2521bec,1,credit_card,4,58.87,
0176a6846bcb3b0d3aa3116a9a768597,1,boleto,1,53.68,
0259ec3c458d0e8c7564647a42408fa6,1,credit_card,5,99.43,
017499de14d22ef9e9a83ca54727480e,1,credit_card,6,209.45,
026a8d09914c519feb34944477b6bd41,1,credit_card,1,55.58,
0064d74f7de7917d54768d7722ad56ac,1,credit_card,4,221.07,
0171835bbc71bcfacc26e9f59d56b62c,1,credit_card,2,81.16,
01c0514b1f2a7375948323b959cc5682,1,credit_card,3,32.69,
011b142c9e082a5c1d10e0a88cd9c8e8,1,credit_card,1,297.2,
0275c0ac1928093069b95bb67cba52d8,1,credit_card,3,66.59,
00f251b943aba645652c7138e4716fee,1,credit_card,1,101.25,
00c405bd71187154a7846862f585a9d4,6,voucher,1,20,
01fa35042136b75da24ce2a391b30eb9,1,credit_card,1,45,
016ff85737c2072ab00a705cd8f87799,1,credit_card,1,95.02,
011375f941b3695c3c3ee58bfe0d3655,1,credit_card,2,144.29,
01d907b3e209269e120a365fc2b97524,1,credit_card,10,169.76,
00ec95a58b63378d4cc06d196cdefdf6,1,debit_card,1,187.96,
02608b91ec6070ff5fcd4b63dd964232,1,credit_card,1,38.28,
01725657be56c432d5aaa2f914ae2c56,1,credit_card,1,163.81,
00ac05fe0fc047c54418098eb64e3aaa,2,debit_card,1,123.47,
01d2fc3e47376926a97ae795036db093,1,boleto,1,47.54,
00ad1a02d4d9decad15c7e8f8a9470cc,1,boleto,1,68.25,
003d0634280ff3d1d3a54459349a6899,1,credit_card,1,228.89,
01e7138289b75d9624b04dfe12379c1d,1,credit_card,1,64.76,
01c4766d43d50d892132f7bb04d97300,1,credit_card,5,54.12,
0114835d7f0b3f674b70a989411e31c1,1,boleto,1,112.13,
0113affd907a209209ab08413bb54226,1,credit_card,4,186.1,
025e90567adfa253765b7fe0e844af3e,1,credit_card,10,103.55,
00b47ee856118583dbec7d1f9b18d847,1,credit_card,2,28.88,
013d92e415d1de7bf3b3b706f1b6d292,1,credit_card,8,204.07,
00f6dbc6195397197ee147ee45607a2c,1,boleto,1,64.42,
00e7aeced1d61792368ec7bf8b967a90,1,boleto,1,58.7,
00310b0c75bb13015ec4d82d341865a4,1,credit_card,2,55.28,
028369515408fa864cfe50091d4e76c5,1,credit_card,1,3.81,
018bb1508d9156b81990407b91fb35a8,1,credit_card,5,317.96,
00d1e381c0995f0bdb95909fe7434d0b,1,credit_card,2,170.16,
000aed2e25dbad2f9ddb70584c5a2ded,1,credit_card,1,152.77,
005997dca4c1fc45066d0a03d54a6469,1,credit_card,6,133.75,
012b3f6ab7776a8ab3443a4ad7bef2e6,1,credit_card,6,107.8,
0020a222f55eb79a372d0efee3cca688,1,credit_card,4,45.09,
02855eb3e469890c3b741adb0fd64f71,1,boleto,1,104.37,
00143d0f86d6fbd9f9b38ab440ac16f5,1,credit_card,1,109.29,
01e662008f03009eb9b97f9333fcd6b4,1,credit_card,3,37.82,
008d9bf350ff02ed444b3452cf3f57e0,1,credit_card,1,50.44,
0209ef2fa3cce5eb798c98f5b6142849,1,credit_card,2,20.45,
005059edee63c8c708ba61910793b31b,1,credit_card,8,219.78,
01237c761ffb72594a466ed514518af0,1,credit_card,2,126.46,
0170fdd7ac7c7bbad5308207bd25a679,1,credit_card,1,42.77,
0071ee2429bc1efdc43aa3e073a5290e,2,voucher,1,92.44,
014ffbfe2df4c96a2b063d084583978f,1,credit_card,2,94.3,
01bbfee76e5e3f96f008c781c2c17bcf,1,credit_card,1,36.15,
0286e258217733541e80588e29c208c1,1,credit_card,5,81.63,
01dd7b32b57e2e5633984f61e456b046,1,credit_card,1,23.87,
0006ec9db01a64e59a68b2c340bf65a7,1,credit_card,4,97.32,
020bc32fbdded2a43147c70a5eb3ec21,1,credit_card,5,116.74,
029a092ea19290f774d21c51fd7ac45f,1,boleto,1,117.01,
0013503b13da1eac686219390b7d641b,1,boleto,1,137.22,
0229e66693fbbd736e5022221fc8148b,1,credit_card,3,62.98,
001daeb0eddc45b999bad0801ad9d273,1,boleto,1,55.12,
014872cb0c4fc7695c70484966baa65c,1,boleto,1,312.84,
0030d783f979fbc5981e75613b057344,1,credit_card,7,78.27,
00f2c876aa08fbba04199823952e96c1,1,boleto,1,86.22,
0282e83acfe3e7aaf60c871a4a9aca61,1,credit_card,6,163.45,
00b44ba3d7c4a5e9a9ebafef9150781d,1,credit_card,1,67.58,
001dbc16dc51075e987543d23a0507c7,1,credit_card,1,87.9,
009ac365164f8e06f59d18a08045f6c4,4,voucher,1,5.45,
01db310c16db46c62c3d4e0857990f32,1,boleto,1,141.28,
018fb228a3dd1a16349e73d2e41b239d,1,credit_card,2,208,
022ba76c6e0c4336514521a8cd4b8fbb,1,credit_card,1,120.82,
012f29911fcd2f1209d937741a6bbc6f,1,credit_card,4,42.07,
00d0ff2017f9ea13dd7eec7470ca473a,1,boleto,1,74.69,
0166ae6ff6d450bbac3eb4ed2885c0f8,1,credit_card,1,89.75,
00024acbcdf0a6daa1e931b038114c75,1,credit_card,2,25.78,
00611822267e76e0055c25c18506f06e,1,credit_card,3,180.21,
0011d82c4b53e22e84023405fb467e57,1,credit_card,2,315.33,
0110688c40ff035d672af3aac1f38f10,1,credit_card,7,458.94,
010ff1cfe12f3094577e72b7bcecdf98,1,credit_card,1,262.24,
01825d0debce07b6502f4aff38a00e69,1,credit_card,10,212.25,
00584d79015452d19fd3d044ba3abdc0,1,credit_card,3,122.17,
020d1063c6e7cb975472aedbfe0e25ea,1,credit_card,1,157.65,
019c4b64cf3d733807ef5bc8bcf6d123,1,credit_card,4,267.99,
02058d1c3b825765a4ec45968b8a1c97,1,boleto,1,1826.34,
020c01e41104519842f8a15605af646c,1,credit_card,1,51.81,
029e3b4c8e64bea4ba22e456cd1930a3,1,credit_card,1,87.64,
0070092bb6004faafa287e5fc35971e9,1,credit_card,2,163.06,
02546acbfd2949a1f63c44ad04978ea1,1,credit_card,4,85.81,
0045f5225a96ef46630701167528fdcb,1,boleto,1,110.41,
02870408b4c4492b036a48140f2092ed,1,credit_card,3,102.74,
01f216b447564f9ea791b521db577ccb,1,credit_card,2,74.49,
017b11be3048fdfb58e63edc5fc8f4b8,1,credit_card,4,40.27,
0256530d814cde05587fcd8e1b992bc8,1,credit_card,8,343.71,
00275bce676303c3bfd7292aefdfa223,1,boleto,1,293.36,
00bd50cdd31bd22e9081e6e2d5b3577b,1,credit_card,1,4.88,
023e55afed85f9778758fba7752a9215,1,credit_card,1,113.05,
00c95282163553a982f38481f9488481,4,voucher,1,20,
009e11afa25aa95ae78e60a793995c9b,1,credit_card,1,65.14,
00921e4911895b93c7b4fc0d80c0815e,1,credit_card,1,96.62,
01422b2c3c27fa3bc464e72eaed9676b,1,credit_card,1,46.72,
0028de0ca693a1bb26448916a81105cc,1,boleto,1,45.3,
00054e8431b9d7675808bcb819fb4a32,1,credit_card,1,31.75,
002834535f7a609a5c68266f173fa59e,1,boleto,1,57.17,
00975e709cd12c34d3bd44e4a7f7a876,1,credit_card,2,94.66,
02542d42d329f6514533eef3af91edf9,1,credit_card,2,158.52,
010f223ddbec749e95ef3f5414f9c4ee,1,credit_card,4,97.43,
00482f2670787292280e0a8153d82467,1,boleto,1,18.56,
0168a7f186c1f066748d15d8c51f489a,1,boleto,1,158.2,
00bd2cb7e9076e1ccc9f766fc01a4cfd,1,credit_card,2,112.62,
0193517cd10a54473b6fd8392b58313f,1,credit_card,6,267.93,
01719300f9ca182b8361556a3873d8ed,1,boleto,1,103.75,
00750f68bb64537034e93554c64b41b5,1,credit_card,4,137.16,
01d48ed99667ce49eaeaa7980a31b987,1,credit_card,1,31.88,
0167c361757c75999575cfdd8f8695f5,1,boleto,1,162.55,
01ccc64a2b38fdb87c25cb1944934670,1,credit_card,3,212.12,
0014ae671de39511f7575066200733b7,1,boleto,1,30.6,
0103878b7ed86b6ec873cfae01379472,1,credit_card,1,265.36,
003822434f91204da0a51fe4cf2aba18,1,boleto,1,175.16,
013bc77d3ca5fba084a241fdcb307393,1,voucher,1,19.37,
01cce1175ac3c4a450e3a0f856d02734,1,debit_card,1,123.74,
0026a368634b6e6f34f33b1499773a30,1,credit_card,1,164.8,
01500f2503fa84279982d9d87750021a,1,credit_card,3,32.59,
0009c9a17f916a706d71784483a5d643,1,credit_card,6,650.34,
00571ded73b3c061925584feab0db425,1,credit_card,4,389.82,
0184d4ddb259e1a4cfc2871888cf97b8,1,credit_card,8,91.16,
007c7cb12ef3567531307ca78d395758,1,credit_card,2,195,
011a43bc9bb525517251ebb3ebc99b69,1,credit_card,10,920.2,
00063b381e2406b52ad429470734ebd5,1,credit_card,5,57.98,
01dbd2da9b685e6d444416f7825d0931,1,credit_card,1,48.7,
00ab210695a17fe10e6b23616ae5bc97,1,credit_card,1,46.53,
006cb7cafc99b29548d4f412c7f9f493,1,credit_card,3,70.14,
01946da9e2db8bab61d79296c037ee1f,1,credit_card,5,114.84,
01cc71a8154340ae61126b5ee9b48fef,1,credit_card,2,53.54,
02333096645cf1743050acd043b76e69,1,credit_card,2,146.13,
025a244ae3d5e6c53b7f9c902643f510,1,boleto,1,42.03,
00c9f7d4b0e87781465e562dc109f6aa,1,credit_card,10,120.36,
008a1b3db2a8bf63418c2cf7c7f494b1,1,credit_card,3,33.12,
008f831b7185cff7ab35a46c37d64cd2,1,credit_card,5,286.09,
019a242bea1553b3b7e12bc38cb57a23,1,boleto,1,368.52,
022aa0edf94712a82983961b98e4a9a1,1,credit_card,6,112.09,
029b2daf51dda061aeb1cf32c9306db7,1,credit_card,1,48.21,
00cee8a4dbb042385cbbd84699e78b2e,1,credit_card,1,69.07,
011c899816ea29773525bd3322dbb6aa,1,boleto,1,99.9,
00276d5c3491fbf55305e26891040df9,1,credit_card,6,68.12,
024b3b6b53b99a1eb8b9b34515106765,1,credit_card,8,371.23,
0245af1fbe1f70f5ac7c1793c78f12cb,1,credit_card,5,130.01,
02852b112ad108b3d2b3d4ee198d84a8,1,credit_card,10,120.05,
02645c905eb7d1591a679f9bc3b669fd,1,boleto,1,20.55,
00324b3eda39ba5ecce3945823e3594c,1,boleto,1,110.07,
00998f38df3012359ef195ca75ebb329,1,credit_card,7,143.24,
01ba72e24cf883d74c5479c0a626c740,1,boleto,1,59.12,
01625f404436eb3cb98cba1e9433db29,1,boleto,1,83.15,
00337fe25a3780b3424d9ad7c5a4b35e,1,credit_card,1,139.68,
00eead1d5a799277ef3d6b387b0bebef,1,credit_card,5,98.26,
01cadf993df82ff0e318addbd022f0fe,1,credit_card,8,854.22,
01f67ca8027e959060afd840aa06f465,1,credit_card,4,344.7,
00c62d05602c1ca8164b98746d127fa8,1,boleto,1,128.35,
0176e50f3853fa068127afa3daff6402,1,voucher,1,75.07,
01074135a88ffa5978eaadfc7f482f2b,1,credit_card,1,116.61,
025321e4e9674e090b7bc101f9c5ab5a,1,credit_card,1,110.82,
021288ce4f15c031270df5259df1b551,1,boleto,1,112.89,
00cf2b04c59f0ecaf822bf3f334d5c3b,1,credit_card,3,334.68,
02881d166b44a823fd6947e715dfa5e4,1,boleto,1,86.15,
011724d1afbd91844302627f79a66800,1,credit_card,2,69.69,
00e054d0da011d5016f31011af488f4f,1,credit_card,3,118.82,
0132451f29a10b66a5cf1bacc85f9afe,1,credit_card,3,215.56,
00f57f2ccce2a2e3f393fe8f5e616e0d,1,credit_card,8,285.81,
000e63d38ae8c00bbcb5a30573b99628,1,credit_card,1,56.78,
01b84214591ddd4edad9fa4a1f344f84,1,credit_card,10,651.56,
00d94e8901b75ee0d6ef1f87f947b666,1,credit_card,9,97.4,
0191ee5deb2474bc1f4189fa709289b2,1,credit_card,10,891.14,
020d90b47730f065a03723587c20a57f,1,credit_card,8,293.98,
01c886b4b865797097ab2d051ae30cfd,1,boleto,1,76.76,
01be661b8196707ef60f062632d6d1bd,1,credit_card,3,204.06,
011331376a4c6cc7a9e5bc165ec169d0,1,credit_card,4,144.63,
0097f0545a302aafa32782f1734ff71c,1,credit_card,6,507.84,
00ab1aba567dfebdc39caa4e7ca2f1b2,1,credit_card,1,48.38,
00aa423621f35a9ca6c6240f275b0640,1,credit_card,2,125.41,
01786fff06f2f7e8a83950c4b3b424ea,1,credit_card,2,69.24,
00bbc4179554524748f77763ddd62266,1,boleto,1,97.87,
00ba57ae98928df6ba6ec9d3d8d4b1b7,1,credit_card,7,149.01,
010e04b5f879320f29a9bd6ca41abc94,1,credit_card,1,119.48,
0135675503322d804abef7ec5ed4824b,1,credit_card,2,122.97,
001c85b5f68d2be0cb0797afc9e8ce9a,1,credit_card,4,112.71,
028369515408fa864cfe50091d4e76c5,2,voucher,1,48.03,
02355020fd0a40a0d56df9f6ff060413,1,boleto,1,69.59,
00a690becda145533fa5a54daa7b6ad5,1,credit_card,1,117.42,
01428962dce3b65e5433eaeb16c0f48f,1,boleto,1,403.16,
025884a2189930178d9ba3b1c6d0f9ba,1,credit_card,4,152.5,
01677846a819fff5fc22d43d61e58367,1,credit_card,1,127.87,
001b76dd48a5b1eee3e87778daa40df8,1,credit_card,3,95,
027286057add812ecb77ad0b23604c06,1,credit_card,3,172.84,
015dd4d6681d1d15c0afebef64a0a092,1,credit_card,1,121.87,
0036757472ece3dde52fd4bfd929c90e,1,debit_card,1,203.03,
011af0959ebf2b09a062867811dc63b5,1,credit_card,3,74.16,
02623e799dcc1e41066ddfe4af591f24,1,credit_card,3,68.11,
01d815029787ce30f6f64900ee93ba37,1,credit_card,2,61.59,
0281523bfda80130f35b98f38dfb279b,1,boleto,1,52.01,
00d5fac7792747fba4b528f23930bebd,1,credit_card,1,80.23,
020f04b3da1d597b9a00b825762299ba,1,credit_card,2,143.98,
01f11912a2c502cc940f607b1f6b2ab0,1,credit_card,1,165.3,
029f7a5aabaadfcdfe8c0eddb59a1069,1,credit_card,1,76.34,
00ed64bc080d87b4ab7f0c433bc5e98f,1,credit_card,1,61.01,
01bb5b3cb7df4da98ea2214d083784c4,1,boleto,1,52.59,
009742b43f4530bc3db7f62332c50f4b,1,boleto,1,146.18,
01490a4bdacbafe6de009b317a0c8bf6,1,credit_card,5,151.14,
025a548c7e6d70e6b6cf600a112b0d9c,1,credit_card,3,195.24,
014fc889637133d9075190ba873dfc03,1,credit_card,1,45.77,
01dfa7b5bb8dcd546273e480c27043bc,1,credit_card,6,65.99,
00ac2a1ec784f71feeb7ba1e5959750d,1,boleto,1,56.32,
02332b54c758506809fd87d9c2748086,1,credit_card,2,54.14,
0078a358a14592b887eb140ef515f5ab,1,credit_card,3,336.38,
003cc6161d7a2593f2525cce0c330d32,1,credit_card,4,97.9,
014a0793ab3d930d6f3b206cee474af4,1,credit_card,1,38.14,
020347f6d056bb4209b3ee4711d25f1a,1,boleto,1,128.89,
0216ea85f929ce4795f933573c6bb055,2,voucher,1,2.46,
0265de29d2bf47d85101018e7f7d4ff6,1,credit_card,4,77.85,
02a059e99249511338c51476bf3d942e,1,credit_card,3,132.03,
013e9c654a339d80b53513da3c1ea437,1,credit_card,1,123.01,
012ea594e035047289b3e7c3f8b90cef,1,boleto,1,72.35,
0210f3225937e9d7702e0c3fff098b98,1,credit_card,1,21.41,
029de66f2ffa0e793ca2aad5e304a748,1,boleto,1,198.72,
025d78a44b8f48c66fd09239910302b1,1,credit_card,10,842.14,
00eb7b95af5ed25aaec66d4ff5295846,1,credit_card,2,106.97,
0029f17cf0e7640c5cb6825af681303f,1,credit_card,1,113.44,
01405161cfdf60dd80df1f393a2796d5,1,credit_card,4,74.63,
01d601c4d70f016f1e32ee8e82d6d4c9,1,credit_card,10,273.88,
0232512713ff84ce6ae5c96971894149,1,boleto,1,171.08,
02875e2e1d01d7a1533215fb97510b06,1,boleto,1,207.65,
005e5166e99d1e4d0c4f808b0540ba94,1,boleto,1,136.7,
004f5d8f238e8908e6864b874eda3391,1,boleto,1,138.6,
01d72d42aaedb3736840132071d51100,1,credit_card,2,166.11,
01d13850e74efca9a86fe812940de070,1,credit_card,1,89.62,
02671152ed141efc95384bdd230bc544,1,credit_card,1,62.51,
006cba07f62f921fe4f58365bde2b2eb,1,credit_card,2,81.98,
0263464225bdea582f602c369c2b6061,1,credit_card,4,56.94,
00d2559e61b9a0744a0552c35c5ecccb,1,credit_card,5,872.52,
00125cb692d04887809806618a2a145f,1,credit_card,1,135.41,
015183dcb37f19e0456905fa5aac0b69,1,credit_card,6,353.7,
0096668e5b0b8e9657a6f7209a4e58b4,1,credit_card,2,180.37,
0210336762a2618a562576d1266efefe,1,credit_card,3,76.38,
00c8be06a8029e300dabd52c7d4c6ad2,1,credit_card,1,35,
0216ea85f929ce4795f933573c6bb055,1,voucher,1,89.07,
01358622f65717728b3b2ec2cf4e8812,2,credit_card,1,14.8,
012f2c4ca09b101a73e18957c3294cd6,1,credit_card,10,1901.62,
023aa4b0585594124bc50e55e0e11a5f,1,boleto,1,82.84,
00b4c651133c06fb175123a492f1cac3,1,credit_card,2,173.49,
0252299d97791cd5879873cba920d1f7,1,boleto,1,107.06,
01f3ed0a20c6db39216985812a092bea,1,boleto,1,114.79,
01ba82170ebb683c73793bb809bbf1b9,1,credit_card,10,679.68,
0236711b7bfcba7479639be980c21128,1,credit_card,2,326.62,
00b12f4674177ef40c4bdb034138c843,1,credit_card,1,122.87,
0068fb0e223115e911d362627e8b8800,1,boleto,1,91.79,
00048cc3ae777c65dbb7d2a0634bc1ea,1,boleto,1,34.59,
0159b449009b3f8748ed7c56e9d84afe,1,credit_card,2,23.78,
00664284de7a3470d22931ed78615ee4,1,credit_card,2,55.75,
00949655cdd8d0465e433a5e6c9643e5,1,boleto,1,25.87,
024f8681c73783017f7cd5d5b061be3a,1,credit_card,2,56.78,
00526a9d4ebde463baee25f386963ddc,1,credit_card,3,169.16,
019e03014ec20cc2e3b180cdcf90b4e8,1,credit_card,10,764.52,
002611a77fe03d076285fd4ca95db77c,1,boleto,1,156.75,
01721e0729fcb75ab238248fdbb48eeb,1,credit_card,8,243.11,
003edccf16bc5ec447f592913b3df2b4,1,credit_card,1,64.85,
0248cb6c91b223b74dc554e1d2c2a59d,1,credit_card,2,173.88,
00c405bd71187154a7846862f585a9d4,5,voucher,1,0.1,
0199edc5b01351df8e73a674aa473ee7,1,boleto,1,101,
0081ce648af7d6a7bac2a93b6035d1e3,1,boleto,1,117.85,
01978b8bae8292ffb4cee6abdf9b9089,1,boleto,1,58,
0250c3964e5ca77ecac2db28d78aa89f,1,credit_card,1,54.55,
0094bd07f49fed90209ffa62d1ef26d6,1,boleto,1,18.92,
0191b6a5a70bcbc6cdd39427f216602e,1,credit_card,3,167.86,
00c4f17dcb94448f27a2cbaa83f10a4b,1,credit_card,1,39.39,
01fac9bdfa271bcaf57218f971649ab7,1,credit_card,2,108.73,
008990da719764fb392914d8ab53ad04,1,credit_card,1,54.13,
00d29386638bbfd1331a2cd7ab91b5b5,1,credit_card,1,32.84,
0267556bb9e07f6184470cf755f5b5da,1,credit_card,1,91.86,
00fdb72e467da6f3b000b19b368a6cf6,1,credit_card,3,35.85,
00fe20fc069833ab95021b46d6862646,1,credit_card,7,150.02,
01aa38b66d95377a4f276f78742aca15,1,credit_card,2,122.62,
0268f664f7833aa949da2eae5321aa5b,1,boleto,1,34.64,
00a9536682ecb394a3794c1608200803,1,credit_card,10,122.17,
022790f69760d0a1c025cd3acdf13927,1,credit_card,3,37,
001862358bf858722e1e2ae000cfed8b,1,credit_card,2,113.71,
0055b77cca3186676c147f532dd2547b,1,credit_card,2,189.37,
0222b443ebbd702540abbaf4f5ff7edf,1,credit_card,1,97.26,
0221d784b11a24077b3531e860b73434,1,credit_card,1,49.63,
01667048de265bad400b945f29b52526,1,credit_card,10,246.36,
024d4903890a56c2e98df63a32206bd9,1,credit_card,1,76.17,
00d15ff0236872686e4899ed1ce680ad,1,boleto,1,80.29,
0194686a55eb0a869321fb107f4d114a,1,boleto,1,209.49,
00c405bd71187154a7846862f585a9d4,2,voucher,1,0.21,
021d0261c214591da7db51193c9aeb29,1,credit_card,10,188.94,
002b4e6fa42cd4a22cc86abc18fe9c05,1,credit_card,2,119.57,
026381d57420b32237d7d89a8daf21c9,1,credit_card,1,32.1,
002f16b7bc4530031b7d90f791b12d8a,1,debit_card,1,284.13,
01b538a0b1a9eeecdfbc03223190e4bf,1,credit_card,5,55,
0261eac8b7b097ab1e28579b69e6ea90,1,boleto,1,132.17,
028f5779c98e7df5dc803824bdaae40b,1,boleto,1,99.94,
01b1a7fdae9ad1837d6ab861705a1fa5,1,credit_card,1,135.84,
01006620eb4732deec44be4b0d9e33cd,1,credit_card,5,145.13,
028116828b6e9f2b8070f1c4f66c68f0,1,credit_card,6,138.31,
0190e75feb05f78ccb1b56853ca4f6cb,1,credit_card,4,168.36,
00c81b6675ef9ecaaff5fc1d6720b96c,1,credit_card,1,39.09,
01855f880aae9a984c7c33b26fcf2e02,1,credit_card,2,95.52,
00ea690fe8c5eba029a3884243a02352,1,credit_card,4,49.1,
022b1f3510a95b396431fec95f5de236,1,credit_card,3,113.72,
029c545413b10a6bd7540401f6eef0a3,1,credit_card,10,1644.76,
01988bf5b8acbc4d6ced86e4d47fcb1a,1,credit_card,2,163.24,
00c47fefb9a49baec12ab3654d7f548e,1,credit_card,4,266.69,
01dd912bf415bd6f499af600aebdb866,1,credit_card,4,130.94,
024554aeb0da84476f1c31a711e0990c,1,credit_card,6,69.92,
01633cfec0376ac9f2606e271ede5574,1,boleto,1,124.8,
0193a99edc8c599aaa16f9b9e991efb8,1,credit_card,10,170.29,
00ef7ed06a55243f3e6a9d373a89eb14,1,credit_card,1,76.17,
007bbb40c95870c0f75a7855f2636c65,1,credit_card,1,162.85,
0191bbb5166d4b9a68df11797d5acfa9,1,credit_card,4,153.07,
01bc343311e5b8090b64d6ab287a5cf0,1,credit_card,3,74.18,
01b241fa1421c8284e8c1029a503360f,1,credit_card,7,76.66,
007ff0b0f79be782f633fc3b18cbe337,1,credit_card,1,55.11,
0197cb265e2c84b9f89dfd784095d2f6,1,boleto,1,378.91,
0124f01177fc17cf20e1974621fd759a,1,credit_card,1,202.87,
00b402e8a76d3da83714c52d3977cc2d,1,credit_card,1,165.91,
02440f65dc09737b491463739c347446,1,credit_card,3,135.49,
01c139e11e826da7bf9782cf1ee904bf,1,credit_card,10,352.98,
00b1861aeb89afa498404c684148a619,1,credit_card,2,98.24,
00946f674d880be1f188abc10ad7cf46,1,credit_card,4,232.72,
0259b4edb1ee1ebd0263f59bd790a938,1,credit_card,4,69.03,
00f2a3509bd600bd1a06a48353788d93,1,credit_card,1,47.67,
0128412231f9fe9d7e944eea5392fc6b,1,boleto,1,94.83,
01e71f17355fc56620b0d3678f796c42,1,credit_card,5,163.78,
00b4a910f64f24dbcac04fe54088a443,1,credit_card,1,2.54,
01e1617e546dc1fd372e089ab515ae34,1,credit_card,6,96.12,
00af3d9ddff7f256e83d79247dbe1a9f,1,credit_card,1,90.73,
0286dd0f954cb641dc3eb5db5e4467e6,1,boleto,1,76.08,
014bd8ca0827935402ac39f2751b2fcd,1,credit_card,5,135.62,
0080eebb288dba1857ccf048dfe6bdfe,1,voucher,1,21.1,
010c995323bc17d8156fbe2c37fed63e,1,credit_card,1,56.12,
024319cfbf2156b9b8a0a50c3aef45b7,1,credit_card,1,189.06,
019536ad39a0dea8bb75c00359a0386b,1,credit_card,6,85.57,
012e93f8170eb75b2f2f650629d04517,1,credit_card,2,65.1,
00c95282163553a982f38481f9488481,3,voucher,1,20,
001427c0ec99cf8af737bd88e92fd444,1,credit_card,1,83.25,
017b84f6bee0e4287eb8a8c9f5df549e,1,credit_card,6,64.14,
0087889a1c836be17f58afd7f1729a4a,1,credit_card,3,269.63,
019d029f0b101343d44017d249b1f64f,1,credit_card,8,107.41,
01ba495d945c6a1c5b198bbad63e61c6,1,credit_card,6,135.51,
00a1e977cf6e672402963940db55d919,1,credit_card,1,32.64,
02036bc298ab3c1efc98b116f420d646,1,credit_card,2,42.97,
01f99c97a2034ffb373556e8fdb5c7cf,1,credit_card,3,218.91,
00c405bd71187154a7846862f585a9d4,3,voucher,1,0.1,
01da5549f136167573c8a302f008557a,1,boleto,1,170.02,
019440e41e276668d99d996d5d1a22c1,1,boleto,1,56.97,
021dac6e3120485db6a77474aa21b979,1,credit_card,1,534.36,
012248555cb0bf51df99199cef81d562,1,credit_card,2,70.83,
014405982914c2cde2796ddcf0b8703d,1,credit_card,7,78.43,
00f621226c6f4e938348f6f3a71fdc62,1,boleto,1,231.79,
00d4439957b7fd3f8da4a33a965817fb,1,credit_card,1,33.97,
010d6db2f77220b394f147836c94f27b,1,credit_card,1,30.13,
028e1ce5e085cc7810f340572c316b35,1,credit_card,3,105.28,
0283a5f1680cc866884c09960d2462e3,1,credit_card,7,305.01,
02605c218285d02df75a255f13396f1e,1,credit_card,1,59.83,
01d0aabab5da85da61bbd4d40882b82c,1,credit_card,3,33,
0261459497a63d27d6f197c00f2402d3,1,credit_card,1,96.8,
00dc6ad47477b3b62d3c0acbe98a82a4,1,credit_card,2,144.22,
0182f6cbb4fb10918a76485fc92d7c49,1,boleto,1,30,
014ac3cfd0e55bdc2cdd12aa181b00cb,1,credit_card,3,158.75,
01e515b157491fa28d3b56e7ef342573,1,credit_card,2,67.83,
0133a47b53fee66218790a8d7dcab993,1,credit_card,1,108.2,
00b6c055922e0ed2d88efdd252b2fb64,1,credit_card,1,71.05,
01e0386aae6c6385feedb58bd4aae5c7,1,credit_card,6,201.04,
0005f50442cb953dcd1d21e1fb923495,1,credit_card,1,65.39,
02737086e020bd456ae19e98fee5c186,1,credit_card,3,271.27,
013037c3f1773cc8fdbaf8ff54d8013b,1,credit_card,1,7.58,
00ff0cf5583758e6964723e42f111bf4,1,credit_card,6,170.15,
016a6dbc80aea6e2d217d2bedbc7b59e,1,credit_card,6,112.08,
0036887767dea4bd43b1a88cd0d9477a,1,credit_card,3,423.63,
00f426c7214575822c3cb44ea59ef0f6,1,debit_card,1,94.65,
020e6f6dee3bdcf543b857eb97373956,1,credit_card,5,213.3,
00d831d5c3ea03b7cd6f883ad799c7e4,1,credit_card,1,138.16,
002af7fa9eb99d1456bceb6a13d6fc0b,1,credit_card,5,109.45,
028e069ddb78a5a7179f1e6734e226c6,1,boleto,1,36.09,
02905bba6aafd777542dacbfa8f4bc2d,1,credit_card,6,66.5,
017dcb6892d4469a13dee34f241f8c4e,1,credit_card,5,67.98,
0068e836900867da359bd81db9227a33,1,boleto,1,113.43,
00418a49a685c6bb60633291c3fab17a,1,credit_card,2,56.78,
02a001cb5f40b1fee4f0375c89cce463,1,boleto,1,97.44,
01ea9d9ce4b86204f82b79184897371c,1,credit_card,1,64.93,
0181409c6498f79e161dde79c2a7dc59,1,credit_card,1,62.31,
00f1cc7439ccb8671133776d1829faf5,1,boleto,1,177.32,
00a0116ff15ff973ea16bee881208ae7,1,credit_card,10,194.12,
01a0013ddc7cd129e350e8671b56a263,1,credit_card,10,1810.5,
012bea13f9a355c983efb59a3f23583a,1,credit_card,3,37.09,
005a1dded353107dbabf8ffc83a20365,1,credit_card,8,89.28,
00c9474e0334f7a4ffc8c3a8bd21a51e,1,credit_card,10,1075.74,
022d47e6dd2e127493b8f51c8408078c,1,credit_card,4,112.71,
01eaa000fe5c9f80f535c3d0cad25a47,1,credit_card,2,151.92,
015f079801c424fda3edc48be99267de,1,credit_card,6,319.44,
016fbc333d66b414be541c6159576c40,1,credit_card,2,103.42,
019b8e16e30c8b9ad9bf87e039a27765,1,credit_card,8,113.71,
00772b2af35643653f108fdac1155ee3,1,credit_card,3,47.96,
00e365f4fc03d1098841af23d05c17a6,1,credit_card,3,194.33,
00a12754417a49a9dec20361849aa917,1,credit_card,3,57.72,
00b30bb163474583c14db1689259cf4d,1,credit_card,10,216.51,
01094e169d4b14edaf6954eeddb83633,1,credit_card,1,108.86,
00d03eb3425f41a599ae2f788e23c07f,1,credit_card,9,90.17,
00c405bd71187154a7846862f585a9d4,1,credit_card,1,6.03,
0188ca1fe398161f0f310fec985ac155,1,boleto,1,109.4,
005d9a5423d47281ac463a968b3936fb,1,credit_card,10,145.26,
02190241f7190a1f3c7e0df95a749c6a,1,boleto,1,521.46,
009905140e9f8cc35d5be897937381db,1,credit_card,10,116.44,
028ad19261e3ad3406ca689348755456,1,credit_card,10,485.02,
0120e3dd2696a3bbb68dc2860815f7f2,1,credit_card,8,258.25,
014e36af18c280a94d880a16b2f00713,1,boleto,1,85.38,
003423b755b562962a6225a8de40d12e,1,boleto,1,261.33,
00c2335723b9b74668062e946dc66621,1,boleto,1,31.38,
002b430ff89b3a24c31a1170acbbedea,1,credit_card,10,265.55,
00f324f6ec332cd73ef8be4888573662,1,credit_card,7,156.33,
0066a1fdaee16ad5022c5ef979d0b661,1,credit_card,9,226.28,
0084209c576daad6ff4534902fcb4892,1,credit_card,8,85.14,
0084e195fbd72ae51599af47f04afede,1,credit_card,1,113.03,
01443cd06ea8bce82c554a46f307459f,1,credit_card,3,39.1,
0247aa98317f60908e99f44e7a2a4896,1,boleto,1,135.08,
01f74d38c7379a28cc0ac3d90e80c7ea,1,boleto,1,45,
01e84dcdea7f8180214c9cf9f058f0dc,1,boleto,1,61,
00ba414462370af2d76195d12e0d5481,1,credit_card,3,39.09,
00fbcd8b120e5706c58b9d1a0026a7da,1,boleto,1,24.01,
00cfabbe2a93b70beeec4894f86712a8,1,boleto,1,45.1,
0072847849eafe70995fa51a714c81ac,1,boleto,1,234.89,
020f8f4df303ae8aa39b806b766d2681,1,credit_card,3,163.79,
005cad6157eadc7f1f09917607f1704a,1,credit_card,2,110.84,
0148d3df00cebda592d4e5f966e300cc,1,credit_card,1,86.9,
01f78824e3a8e474a36d8dfc2a2c35f4,1,credit_card,1,66.25,
013a98b3a668bcef05b98898177f6923,1,credit_card,3,198.7,
012a238ab54294a3b365812ccc82b135,1,credit_card,1,175.77,
01614e3e58906ab6c7e2f27e9b349f1a,1,boleto,1,61.99,
02346f2f5b8930a992461a607bf6bf62,1,boleto,1,106.53,
00b676b01c289cc661c6f7732492771a,1,credit_card,1,71.19,
01156b662f3f47b249b5a8881d205f08,1,credit_card,1,43,
02504308041b6ad0a112b2b7159439ed,1,boleto,1,399.58,
0246b043b8ae041912cc7651ceb1ba2f,1,credit_card,3,61.01,
0214781b6f9215eb09fb1b78de35b07e,1,credit_card,3,118.83,
027bc78621f14cf45a7ce8dd83bf6516,1,credit_card,2,144.72,
028587d8834cae89e572f1db671d0419,1,credit_card,4,123.47,
0040a56893444cb56cba7cfe2225e34e,1,credit_card,1,119.29,
01255808a3d38a8dd69aa93265a4cb88,1,credit_card,10,519.16,
02014f2495eef0e869616829d481d743,1,credit_card,6,1342.63,
00ce92d57f4f9a112bdb8a2a283e5f97,1,credit_card,2,189.37,
00685d31ae12e47470ba5c18ba74f22c,1,credit_card,7,75.17,
00d88c00221ce96a1cfcaca9f2fceb3b,1,credit_card,1,347.56,
026f3440c258a87c9f6fb9c8e1bbb6e7,1,boleto,1,47.71,
003d804eef0e1b856881cd18e0cc0d4c,1,credit_card,3,312.74,
012eab2625c5f8aaac6f37f2c19ef62f,1,credit_card,6,97.22,
00c00d5b36157595e21108ba1da2828f,1,boleto,1,312.92,
0044c6f6d22dd280534344177c81b989,1,credit_card,1,196.07,
010d15deea8cae96ae86ea8097917a17,1,credit_card,10,300.55,
016d1bdf6efab4f6b805df1c03043113,1,credit_card,6,71.05,
0171ca1dc94d8ebde8bbd3b686f44c41,1,credit_card,4,84.32,
008819c6d5f6da6fa5cd9d50ca927cf4,1,credit_card,2,62.65,
00f5fbdc777e8198c1ee008122e28ae3,1,credit_card,5,221.07,
01e9b3d727e46edf036b0bd549c38bb4,1,credit_card,1,116.36,
01b6d15407d425529cbf0ec96258cb84,1,debit_card,1,42.78,
013037c3f1773cc8fdbaf8ff54d8013b,2,voucher,1,22.93,
00e0bac9f6306d8269770acf4ee4b027,1,boleto,1,94.3,
022c0ddf029d7d3ba3d83bd524805629,1,debit_card,1,105.66,
008a40c2b8b21893e04945ce58854b55,1,credit_card,2,112,
0032d07457ae9c806c79368d7d9ce96b,1,credit_card,2,186.19,
00f9b6769c6648ac08bf43081d1f2b07,1,credit_card,2,89.61,
02346fd715e28d8e4fdb6893cd121f71,1,credit_card,1,163.65,
00a13ab02fbe82f78cd84f14e41564ed,1,credit_card,1,168.35,
0179a3003c894f1dd3b1ddda5d1f8a12,1,boleto,1,197.47,
01ba9a2e5dcc1568b55695106d677b0c,1,credit_card,2,138.62,
027ae252d37e5527c2e109e268b222e2,1,credit_card,1,68.37,
004b62108b876867938746ad3154167f,1,boleto,1,118.35,
01c26a0b2736899633cfd6a3c1749428,1,credit_card,3,71.8,
00c95282163553a982f38481f9488481,2,voucher,1,20,
01b6bbf0a9ac5d54dfebb11ddcd8fa8e,1,credit_card,1,64.77,
024d56279184e5cb942d9abf28fc14e6,1,credit_card,4,97.21,
00259a44fcad3fc0474329e925d14fc3,1,credit_card,1,34.09,
021363783b521e9813dd62bbcb77d1dd,1,credit_card,10,579.35,
023669233121f0fb7899e5be2b22885f,1,boleto,1,318.36,
00eef7fe9e315a85d1a61a50cccb2494,1,credit_card,1,63.27,
0124e0c5bfae1979838a91e47df53f14,1,credit_card,1,62.38,
02447024ad7cd72fab1af9b28bebb901,1,credit_card,1,85.52,
010fadb12341d8253d920362fc8f7a16,1,credit_card,1,54,
009ac365164f8e06f59d18a08045f6c4,3,voucher,1,8.25,
01b37f50cf3098b3dd9d0450a188348c,1,boleto,1,87.18,
00df27e666004db9f14bce766fa5327c,1,credit_card,2,203.67,
00f33ee62c15223679d3550e751c37cd,1,credit_card,5,54.61,
024d4ef645f204e4f95cb2a0d9cc61f9,1,boleto,1,146.3,
002f98c0f7efd42638ed6100ca699b42,1,credit_card,9,93.62,
01a9d731c0f08f4f79c10b7679dcdebf,1,credit_card,1,54.37,
016f868b096c236312e8bcb818ccd11d,1,credit_card,1,37.77,
010a35dc7fc3808a03d243d2fd8c6e35,1,debit_card,1,132.05,
01eb154e5aa06eaf50851577302a04a5,1,credit_card,1,63.64,
027042c68ea5fac4428694e17ac50538,1,credit_card,1,42.69,
01b703d8365608f2b01ed9c076d0b3dc,1,credit_card,1,59.24,
002955b0acc63d04f6724a31967e82bd,1,credit_card,1,135.59,
02748e01a6356d0e5072ac06f4dd0bc4,1,credit_card,5,116.97,
00fed9e582d5a3e38566872eec164ac6,1,credit_card,8,412.18,
0260b4ed1d24feacffa9d9783016a467,1,credit_card,1,75.53,
0276bd1aea24c642af813980281af144,1,boleto,1,179.48,
008720830a8a30e39e6f22f81818a141,1,credit_card,1,69.72,
000c3e6612759851cc3cbb4b83257986,1,boleto,1,112.71,
0207f5a2635f4e2d29acd00fc01a36ba,1,credit_card,1,71.82,
024bee763e8abbf0cd46fa7f440c41ea,1,debit_card,1,88.18,
00ae7a8b4936674ebb701d4a23719a79,1,credit_card,1,37.16,
0132fef017ccf586491ca3685de667df,1,credit_card,1,76.87,
0067c6030d65af0ff98790158ddb0020,1,credit_card,1,54.06,
029f37989dcd7c9b928028086d68034b,1,credit_card,2,86.15,
00c405bd71187154a7846862f585a9d4,4,voucher,1,0.25,
0216b8a71f44f126ac083fa5d639fe47,1,credit_card,1,77.53,
008dd5e80ebf8f849aa0c5bf4e22ce7a,1,boleto,1,207.74,
01ec6affa239058ac384542eb9f6920c,1,credit_card,2,133.12,
01b94d6940365deb1eedb643ba43114a,1,boleto,1,162.82,
00f1c7c1542f5f86c3091749d9e939d8,1,boleto,1,101.34,
028aa70283170bf3cbfdce2c1b751cfa,1,credit_card,1,84.14,
006e05e81c068ddc38e48ebe189b922e,1,credit_card,1,43.1,
00f9b0236a85fb8a06fbd9b9c53fddd8,1,credit_card,6,166.62,
01fe473278bb7522f081c21ee8e4cbd4,1,boleto,1,119.18,
01cec5c50d2d0e069a3227efba9f16f7,1,credit_card,1,88.26,
0152f10d04554388634b75f079f069fc,1,credit_card,8,647.54,
00b2d2f2b5f7b98e6b1828764660134e,1,credit_card,4,159.69,
00bc78808b22918a467b2fa4b8ef5d68,1,credit_card,8,84.69,
010061e3aa0c6ed5e393dda0652bbee8,1,boleto,1,309.29,
004ca5ae248069d68e8594df8abf6ce0,1,credit_card,4,221.08,
00e5b655df1cc911466758210325c67c,1,credit_card,1,113.5,
01a26a995dcef1d58bdee5b8862c7a02,1,credit_card,4,314.34,
016dee69b3de35a39bfccee5309307c3,1,credit_card,1,62.19,
026054570865201773b27b2748af1217,1,credit_card,1,35,
01d95eed9163a292a6788ddac08bcf31,1,boleto,1,45.01,
01ed8d522a969ceeb6ba285a161bf4c9,1,credit_card,3,67.22,
006dd93155bc2abd844cc5eed3a0fe7f,1,credit_card,3,57.68,
027a84a16c22c706669f35d578853f3e,1,credit_card,5,78.2,
010efe60bdadc9261d1902f3c1dda5f3,1,credit_card,1,128.65,
00130c0eee84a3d909e75bc08c5c3ca1,1,boleto,1,35.84,
017c16deefc1868a33a5966485ea4721,1,credit_card,2,251.29,
020500486b7211f5ef873ba8ffd58cd0,1,credit_card,2,58.37,
0091a677651feaf5a08d7bb147681e14,1,credit_card,1,45.53,
022e89c60857b5c81788e7e09d04b3ef,1,boleto,1,43.61,
00ceda91cb2ded8570ca73e70571740a,1,debit_card,1,34,
0097aafe2a01dd54e39888976160c377,1,boleto,1,70.59,
0198e0de42189b3941d46857a87fac91,1,debit_card,1,65.71,
0009792311464db532ff765bf7b182ae,1,boleto,1,127.55,
00fb278a99144cc1004b3ed1452ff5e1,1,credit_card,3,30.95,
006e43460a55bc60c0a437521e426529,1,credit_card,3,142.06,
00e6bc6b166eb28b4502c1cad4457248,2,voucher,1,66.07,
025830a006d984bf712a8c6a1eca41c0,1,credit_card,3,61.43,
011a56023faf5bbb9af634e20a85f7bc,1,credit_card,6,137.28,
02754590c907eb40ac34ed9b446970f6,1,credit_card,3,67.53,
0016dfedd97fc2950e388d2971d718c7,2,voucher,1,17.92,
0152de20f6e09fb1133847df8babd490,1,credit_card,6,225.19,
028d62c0fdae574114981f4fb33b5538,1,credit_card,5,74.07,
025e095e20c6575abee30657b956b3ff,1,boleto,1,172.14,
0188777fe321843a18be24a6e9aa1e53,1,voucher,1,65.84,
0261b9a1fd7da49cec3906e055b2f59d,1,credit_card,1,198.46,
01115c06246220def210911556bdc0e5,1,credit_card,1,143.68,
01dd288e8605af239a3a35e550e89235,1,credit_card,9,186.62,
012f255bd5034b8e7fb3c91566a91cc8,1,credit_card,1,92.8,
0277e2828b1b5735351d7818e6658ed1,1,credit_card,2,70.91,
02950daa1214da108fb29cb5a0a3f74e,1,voucher,1,50,
00ea33f994bec0bbfda582074083ae12,1,credit_card,1,108.32,
02971473bcfb16642904d57bc3be50b8,1,credit_card,3,111.89,
023a60303ff8d9e08b99e7474f7416ce,1,boleto,1,75.17,
01a1553cddb473cec004af5ce2192f1c,1,boleto,1,118.73,
01b15a896c5842077af2aaf4a9f94309,1,boleto,1,129.73,
016c6bb57a9de6b4e8f938fa6dde61b3,1,credit_card,1,146.57,
0094d4660e323945f84f5c29eb348aae,1,credit_card,8,309.4,
02119fc90b970a6b0f5f554659843ab4,1,boleto,1,112.34,
0241b276e1e2b1d6873473c44240b426,1,credit_card,3,101.03,
011108c8a3d6eee6807f48a2e639439f,1,credit_card,7,691.49,
011080783e02d05b26c8c158b3653a42,1,credit_card,1,47.72,
00a4d94df1c9757661679b2f4bd6d311,1,boleto,1,59.33,
007ec946d4f798caf2b43c9d44c56421,1,boleto,1,43,
02521a906b13fc8ff9314bf88adc31ed,1,credit_card,8,521.31,
0122e81ff800460e44bb9c983ff2a2fd,1,boleto,1,74.28,
00345f338696283410b7977d2e3efc89,1,credit_card,1,67.34,
00d1289d5125017a90e528b5a7cee91f,1,credit_card,9,179,
01b330808c5819a6a3cb79b72f0b8288,1,credit_card,4,129.76,
0081ab2c99dc85945c28926b77dc6960,1,credit_card,4,279.7,
0046176ff0dbc2a178b7885355dfbb71,1,credit_card,1,137.72,
004345d16a1ab2c21962992c721c8643,1,voucher,1,53.27,
02457250c331120c9dea3bf840316d54,1,credit_card,10,368.75,
00a379dfab816a83741012b71b264098,1,credit_card,1,23.38,
0025c5d1a8ca53a240ec2634bb4492ea,1,credit_card,7,419.39,
001021efaa8636c29475e7734483457d,1,credit_card,3,64.1,
017cf0b342401318dcaeb25478e13a6f,1,boleto,1,67.5,
0035246a40f520710769010f752e7507,1,credit_card,8,99.11,
02680f764ca402aabbb86572ed2731ef,1,credit_card,9,185.89,
00b4846d477a7baf5d4e47970bc08c7e,1,boleto,1,48.01,
020aec76c43508e4214579c52c1133f4,1,credit_card,1,47.29,
027d2a0c2a94018f57fd1b15f32a18a3,1,credit_card,1,142.92,
01d90c5856f7551e108f2a0864ff6e54,1,boleto,1,84.78,
0136390286be8a34efdc801ed150568f,1,credit_card,4,40.56,
0259bebdec429a3ec5a653df8f28574e,1,boleto,1,101.96,
00010242fe8c5a6d1ba2dd792cb16214,1,credit_card,2,72.19,
00e63486fad9d24645c9c84ed77c15fa,1,credit_card,1,54.32,
00f98eaeddb9debc8df8cb27e08216d4,1,boleto,1,60.94,
01f65c9e501f46d2a15af4d2b28e6081,1,credit_card,8,220.49,
00af53fdc2002f5b6a8f16db648e003b,1,credit_card,2,51.75,
0149c597dcc0963d7315f904495b631c,1,credit_card,3,37.88,
01b1800f51715ab76f67caf732206437,1,credit_card,2,194.97,
01fba151a6fa8315ff6dc6f29fe2f2d4,1,credit_card,1,58.38,
010ef5b0279d7512e7343cb775e423c0,1,credit_card,1,74.41,
0008288aa423d2a3f00fcb17cd7d8719,1,boleto,1,126.54,
001e7cf2ad6bef3ade12ebc56ceaf0f3,1,credit_card,2,51.1,
01c22546c4f9914e232006df82d96e0f,1,credit_card,1,33,
0132f39e8ad9b42ad2d41c847f44c0ed,1,credit_card,3,37.16,
013b811ba81339b7634ab5231c547e6a,1,credit_card,8,116.94,
019d444bd00f1ccb4643de466f9a1525,1,credit_card,3,167.23,
00ab9fa91aafa3d881164b0da48999aa,1,credit_card,1,644.34,
00bdebefeb760588a3425fad9dfed3d9,1,credit_card,6,139.98,
01235dc626dcf13283207ba7f36a959a,1,boleto,1,66.86,
002175704e8b209f61b9ad5cfd92b60e,1,credit_card,3,123.11,
01d5897e2c8a23b37ec65e0e72fbe956,1,credit_card,3,67.21,
001e7ba991be1b19605ca0316e7130f9,1,credit_card,10,213.21,
0132d77609dd6e1867515ec57d898c10,1,credit_card,3,99.35,
003324c70b19a16798817b2b3640e721,1,credit_card,5,234.7,
01d9a9aa7feccdaf99f7ea832bfa7301,1,credit_card,1,88.97,
012d8cbea490e6102cee6a2088aaa785,1,credit_card,2,112.89,
0039500db36d50d7d0bfaf23723550f3,1,credit_card,2,203.23,
00f1bb0af030935db1745ee28367ea26,1,credit_card,7,288.88,
01bdc09119b132e176e5c8f2cf68b0ac,1,credit_card,10,384.66,
0016dfedd97fc2950e388d2971d718c7,1,credit_card,5,52.63,
00f1a34f176151c4dcbd802c244e1072,1,credit_card,8,84.79,
026d2c7c84b97eb8854ca3fbdc6ab840,1,credit_card,8,201.3,
00891ba5de66f55000ee358ceea9b345,1,credit_card,4,149.69,
00a57dfbb049fbaae10763e2cf15f797,1,boleto,1,337.38,
000e906b789b55f64edcb1f84030f90d,1,credit_card,3,33.84,
00ab3a43bda739029ffce95d3b2fb56c,1,boleto,1,35.36,
010078e0913f48d014483bd856c01ca1,1,credit_card,1,58.61,
01787af385123b93ba50c5f05530ee12,1,credit_card,1,114.38,
01be6ff226324644f283dfab69369848,1,credit_card,2,110.83,
01c95de6d0852189b4d6b6d32a3c8e0c,1,credit_card,1,27.77,
00e4050fe32e786290a29c61141e979f,1,credit_card,4,64,
0108fba93678555ad1cec9c267848187,1,credit_card,3,219.12,
0095790a64527ec83aeaaf99023c050e,1,credit_card,6,62.66,
01d80471e02a3ba49c8e1d0abc2c1a64,1,credit_card,9,91.23,
016e4acfc34b9f2abc69795f47c92f0e,1,credit_card,1,52.78,
00e32e413e017e64ff93a9e800b8e1be,1,credit_card,1,322.17,
0198c71148c2e08c7c52b860f640fa4e,1,boleto,1,163.13,
029b99b0436c25c8de22cb828831ffa8,1,credit_card,1,442.63,
0098dbda25722a3f019fe252a0cd10b3,1,boleto,1,165.03,
010ab3b1993057e91f825c672375a66d,1,credit_card,6,155.05,
003f9bcc09427647c4b9d361a523545b,1,credit_card,8,238.8,
00e6786fee8f476835c151a4d3fa9bf1,1,credit_card,5,175.77,
00cf47526e0f7920b381b2baf4ecf1c7,1,credit_card,1,74.49,
010d14f76a229c295260e4ca4744acc7,1,credit_card,1,44.69,
0123a055aa66357326dd6db066592a7d,1,boleto,1,175.66,
02556030d826438ef986ab5fd723a9a5,1,credit_card,2,138.98,
004157daafa0bc8672e01f00e4f0c04f,1,credit_card,4,222.91,
02145cbff48d443165378d41c0e49e48,1,credit_card,1,116.48,
022cb45264ced2571bbbd8e231838100,1,credit_card,1,52.39,
015e051dbb2407d4bd305635e46b732f,1,credit_card,1,44.3,
01cf88c5fb4298435526a5995720807a,1,credit_card,8,122.62,
0017afd5076e074a48f1f1a4c7bac9c5,1,credit_card,10,853.39,
0240111ef6f94ee97599bd002acec1cd,1,credit_card,8,223.99,
00c42b1633c1b2fa4e937bf312466561,1,credit_card,5,55,
001ab0a7578dd66cd4b0a71f5b6e1e41,1,boleto,1,127.56,
0218c7a4fb8d5b1bd22c82b783b8359c,2,voucher,1,50,
0094dc9ea7e3cd54d95aea42685673ff,1,credit_card,1,104.79,
022f80b8a6f58b11018082b505f15c38,1,credit_card,4,43.17,
0115f8bb1dc16d3fac863ce1deb037b6,1,credit_card,4,136.46,
00c763284c0056eed753352f5559ff0a,1,credit_card,6,94.55,
0068c109948b9a1dfb8530d1978acef3,1,boleto,1,103.38,
01a3ee1c837fb57db23d898f0eb5111d,1,boleto,1,177.24,
029863af4b968de1e5d6a82782e662f5,1,credit_card,4,41.09,
01cbdb2a8c075eaf248af643b3389f73,1,credit_card,5,145.2,
016495aaab3fb481dc9decab2b4fdbfb,1,boleto,1,22.78,
01b4a2ad3420c19a1c7c402513e7725c,1,credit_card,1,125.52,
0231a1f06afc507072e11f93fa6e736b,1,credit_card,10,118.23,
02593f8472d9ab3c2620b1b46166c231,1,credit_card,3,510.65,
001ac194d4a326a6fa99b581e9a3d963,1,boleto,1,62.54,
01bbf0fb0773cef52b4d6501e83162f3,1,credit_card,6,121.4,
01bae920aea13b891b50bc1543634a65,1,credit_card,1,67.43,
01c2d2ffe8349c5eef0ab33e8ff1f41c,1,credit_card,1,87.84,
020550d9cdfb7110d07fd1a1f8937c6e,1,credit_card,1,42.27,
01835ef41c5ac66dd9ec6084fa1d0533,1,credit_card,1,72.14,
0101aea69a09e1aa32caa6dbaba98503,1,credit_card,8,94.9,
023faf5fac58639f7cf53cb7dd219859,1,credit_card,3,85.74,
0143924743f240e1fdcd6a8918fbe147,1,credit_card,3,111.89,
01c1f3c10d2641a10cfd97ffaac0b3f5,1,credit_card,9,95.64,
023dec08929b8cafa8028da5e6b527b6,1,credit_card,1,54.29,
02610d88ac343ed64988d2706ce3ebfd,1,boleto,1,43.11,
0136bcc7370d7fdf44bd916a6dd583c6,1,credit_card,1,46.31,
01c998b70e420ec36563386a4b71c6bc,1,credit_card,2,106.87,
00bd8cf08fa3998ea6ad6d16c2165822,1,credit_card,1,34.28,
011105c3b5b8693eda1bfb1f152cec2a,1,credit_card,5,251.59,
0297f94a646c942bde497bd200cce1ed,1,credit_card,3,141.5,
027b81ccdf72434e7346aafdf630ff31,1,boleto,1,171.09,
025c72e88fbf2358be05c594d4ad5091,1,credit_card,2,81.4,
00229e4e43f7a7e0b9dd819ad43268d3,1,credit_card,1,91.39,
01f5bb59c4e3a373ee5cade4e69ae92f,1,credit_card,1,56.38,
0025081dcf9330f9a5052ae82c6ce396,1,credit_card,3,33.18,
0212767fce39149bfc2e12d54be96f65,1,boleto,1,344.32,
002691433f09002ac9ca0c4e8dbb8ead,1,credit_card,1,120.43,
00a77f9cc25b05b2004752593d7b8888,1,credit_card,9,196.4,
028b18bcd128b49e2982741f83b78e77,1,credit_card,2,297.12,
01ae629e578b0eb0935ea1ce19c409f1,1,credit_card,10,103.69,
01efe0209a92b2f21f6e0edee4bd4eb6,1,credit_card,9,96.65,
019aaee09698daf81dcffe9d94a18b5c,1,credit_card,2,83.69,
01d0cbd002be92b5a970cb8f233349c2,1,credit_card,10,376.29,
026d16bd3f41638e1003e974e5487904,1,boleto,1,239.8,
009fa9bd0d92710e840793bfefa80867,1,boleto,1,100.33,
000f25f4d72195062c040b12dce9a18a,1,credit_card,1,164.39,
0173e291db71c3e688829f7f03e2d34a,1,debit_card,1,48.69,
004ba47bb589cdbc485e6025bd6d3c81,1,credit_card,6,60.85,
01d1bb79f3dee77d8a6809aff0025590,1,credit_card,8,247.74,
01a49649881d677e0c901ca0f6564382,1,boleto,1,20.61,
0218bc1c672e0e92f10a6633ca1cc461,1,credit_card,3,311.98,
00789ce015e7e5791c7914f32bb4fad4,1,credit_card,10,190.81,
022e34b10acb0f74f51f03b3bf8d996d,1,credit_card,8,106.38,
006127b8b9a1681a982313ed7129c3c0,1,boleto,1,556.22,
021d08e4057e5b6414c8d2f69f4f72a0,1,credit_card,1,66.03,
00c47cfa491ef55779ec7557673087fc,1,credit_card,1,72.07,
013bc5ce14f856d31efc8bebdc3a278f,1,credit_card,1,32.61,
023b3575b6649cf01cb239c0e9603262,1,credit_card,10,171.44,
01bb52d7a8dffb8bef5b79268487cd10,1,credit_card,1,176.36,
01380d0df5b7dc8bd13f2266a57bd42c,1,credit_card,2,27.86,
00042b26cf59d7ce69dfabb4e55b4fd9,1,credit_card,3,218.04,
020f64bdb28111d057f49277da918771,1,credit_card,1,40.88,
008eaf9004164883520d0bd32b107261,1,boleto,1,157.34,
02714865c4c2f281df219af0a56ffeaa,1,credit_card,1,125.42,
00995d799817ecc3bd2abd8fbe59c430,1,voucher,1,62.82,
002f19a65a2ddd70a090297872e6d64e,2,voucher,1,33.18,
012219b6d6d034eb359fc74730a080db,1,credit_card,1,217.4,
015a7c64361928a0782ec0e705174b6d,1,boleto,1,31.22,
0231f6b89e5798ff6c0dfb1e18a94da9,1,credit_card,10,648.77,
01dcbb39823b4cda39ddcc6679fb00ac,1,voucher,1,115,
01699d74ff89d35f15093f83d7783c39,1,credit_card,2,161.68,
0046e1d57f4c07c8c92ab26be8c3dfc0,1,credit_card,1,15.57,
006557c3221c1fcd02b0106343ab357b,1,credit_card,1,23.17,
008c3a655c66f4d92370d0d422732f69,1,boleto,1,99.44,
01e9feecd7fba975c1869a8fbbb38b65,1,credit_card,2,303.11,
01f48b2a27229e667db384b5b9d5dfa4,1,credit_card,3,68.19,
0115d160c5fbd758a139ff90821db60d,1,boleto,1,411.63,
011fcb4fabb3e142579ad63472b11227,1,boleto,1,23.1,
023af4b88d12c9f3f56bcb55da0450c5,1,credit_card,10,213.74,
0005a1a1728c9d785b8e2b08b904576c,1,credit_card,3,157.6,
01d0f6cd01d79574621a56a1b9e21019,1,credit_card,1,34.69,
0079bca8e89bd52fdb87408e4f3fb94d,1,boleto,1,57.29,
008cfe221ab054c89bc31720098cca51,1,credit_card,4,146.84,
013056cfe49763c6f66bda03396c5ee3,1,credit_card,5,254.7,
010b0f6bd323a9effd095a743e660f26,1,credit_card,3,36.71,
023ae47e11483bdb8aa35fa4662aee1c,1,boleto,1,112.09,
01a921eb5bf5df0c2990e62563ceca49,1,credit_card,1,158.7,
01311f2795d8463a11f9422173687696,1,boleto,1,128.46,
023efd060c082063e299dc77891ea1b7,1,boleto,1,56.84,
01b06b4d63c340902dbe3d9f8b2fe821,1,credit_card,3,195.86,
01358622f65717728b3b2ec2cf4e8812,1,credit_card,1,6.97,
028558cddca332b40b4ac4cb77407edf,1,credit_card,10,2784.16,
00b6e66f005a657a6b13eedcacdf9342,1,credit_card,8,477.32,
0030ff924c38549807645976adeef2c0,1,credit_card,2,292.24,
0150004d4d8eb63f9948de164da34e34,1,credit_card,1,240.41,
00fc308dd7f0937682698becaa9dcc45,1,voucher,1,104.11,
01218a8a807fc187849529e6f12237a9,1,credit_card,1,30.1,
028ffc48d3a4004a010e5847d7266cdb,1,credit_card,2,27.07,
0093cbf16a6afb7f0ab7cc821b6f9e92,1,credit_card,2,142.96,
00b8d354b36820e9d6131fd5173c5581,1,boleto,1,65.31,
0010b2e5201cc5f1ae7e9c6cc8f5bd00,1,credit_card,3,65.5,
0019c29108428acffd089c36103c9440,1,credit_card,7,79.85,
01f80c40f143af17e50622fe26ca76c4,1,credit_card,8,137.27,
027b013d2186e25c2b82beb3679d0833,1,credit_card,4,139.17,
02950daa1214da108fb29cb5a0a3f74e,2,voucher,1,38.09,
01ae5e4c5d2549f7c05000a2f5856c28,1,credit_card,1,55.6,
01f9f30f42a15cb09e70666d0df18856,1,credit_card,2,66.06,
028dc52e12ddda803ec1e35eb0b7b0d9,1,debit_card,1,61.72,
021d35119e0e191a4fa47715d479b6f8,1,credit_card,2,97.08,
01d3d4cb8c553d507dfd26fbd8b41e95,1,credit_card,3,149.1,
02661696e065aa02977870f3a87940ab,1,credit_card,3,92.57,
01e4121d4b2dcfb2ba6b8f367652aee8,1,credit_card,5,110.69,
0020262c8a370bd5a174ea6a2a267321,1,credit_card,2,100.55,