customer_id,customer_unique_id,customer_zip_code_prefix,customer_city,customer_state,,,,
06b8999e2fba1a1fbc88172c00ba8bc7,861eff4711a542e4b93843c6dd7febb0,14409,franca,SP,,,,
2938121a40a20953c43caa8c98787fcb,482441ea6a06b1f72fe9784756c0ea75,5713,sao paulo,SP,,,,
411373e81bbd24b0356ca1274e9c03fe,c555d42202667b1e09e50e7667b6a663,68908,macapa,AP,,,,
c45b7286a9a5cdce0152978d9f615be6,9a855ffadc7ac38bd30515d077c31fbb,41480,salvador,BA,,,,
f9dfd7942a2d7f1588b7638a9bdc8ff1,ebf40c0db4fe06ddd15a7a44238c986e,24240,niteroi,RJ,,,,
0825646a316d8b2bdddea079a5e01fda,be2cff6c84f1683300337ecd499992e0,4001,sao paulo,SP,,,,
7d81b5f1ff0e0a22a9496943f1df6cbd,2aa9325eab1676f4d62830f004d67a34,12233,sao jose dos campos,SP,,,,
48ed31e735f1c420ed6ca3637b7c744d,55a269f324455e78349e7b9b7e7e5911,8072,sao paulo,SP,,,,
a666bb7a77916be2716fa1420c73c56f,4e65032f1f574189fb793bac5a867bbc,9531,sao caetano do sul,SP,,,,
4b4773853bbbc435ddddd51bd6c6a002,f94d7c267f1bb6956a0c6c6fef65da8b,92425,canoas,RS,,,,
aaad67429ea7d339bdf5f71ae3ef74f6,13613cae6e3bfea8327a916246c96cc9,5108,sao paulo,SP,,,,
1c6168ef4f5ddbdedf48f60a4e21128e,0788a5e2db8d16e610407f3ee826b813,25025,duque de caxias,RJ,,,,
63cff72cfb37670b3c826dedcaf32a6d,e2c40c8b0afea459059e4f2b8d22b6f0,85350,nova laranjeiras,PR,,,,
71cd7e5e11ae80ed42c6c57ff51a347d,26f8790baee110479bb7cb362e16134a,95795,sao vendelino,RS,,,,
ef8a56cba316f40c236be1799e706e78,6e0c910d67dc3a55add6f66632b33fb6,64076,teresina,PI,,,,
4da495ce705cd190ddf3a36268b61142,42bd11eab7631f93159c55cb7289c8c2,3461,sao paulo,SP,,,,
32f56b65a879ae7a310257eb5bf070aa,03466aa4289c03856add8a3537f914cd,4434,sao paulo,SP,,,,
366c88e3ee5ed365c8529a9639c8b91c,8797820f6554668a5b835ff74cd077df,96400,bage,RS,,,,
6ec610172716519f13781b3068dde24b,07fe3cee40551d2377a917fb4f377714,5590,sao paulo,SP,,,,
db524d69694d9b945d58f4dad03d914e,a046d29175845b313e52f2dff96cc050,5366,sao paulo,SP,,,,
1f4e48d20f0deaacefd7fc19a4382c65,520461ee715946f0513f41524ee3213f,3573,sao paulo,SP,,,,
456c1e01c8ed3b83aa8fc564119bc81a,4ac6ec83ece04605a854d931c8e8d8c7,59030,natal,RN,,,,
8d4ed4f811a7873a31183d7d7db8f470,9dc80712fe7b594cb2022882737397c2,48590,coronel joao sa,BA,,,,
8cf88d7ba142365ef2ca619ef06f9a0f,d29ede26cd3e2817b314005a88bd28a8,79092,campo grande,MS,,,,
f1d4911942d2bc40d520ae47013a7643,804eb66464db178ab95f5f4ced1f4a9a,98400,frederico westphalen,RS,,,,
bc057e26a901167220c6e4a0b0c3ec5d,095822a49be101736ea0508b80fb827d,9725,sao bernardo do campo,SP,,,,
814dfd64a142fe2564faef3932b676b9,d647bd6f2997e98e04f7d84da752b873,28655,monnerat,RJ,,,,
9bc4a258f344f7de44ca841d25a497fd,f372db7693e8b9df2f201a59b1a15c20,70680,brasilia,DF,,,,
aae14cc68c254aa377d8a2139e3c7c72,32d981bbadb92a8763089fdbbc16bfa8,24425,sao goncalo,RJ,,,,
3e7394d8b265e9ff64b31f047cc71fd9,9ddf8df717339b071932437af0e0f7d5,74210,goiania,GO,,,,
b8e531fc27d1abbe69022fc27589b3a1,96e7f8f0dbefaa6e16563ac77d339bf0,21321,rio de janeiro,RJ,,,,
8f7ecb4570dccd8aeb216db7823da1de,ad0a5744b9ef9ec052eb092d894edab1,36220,antonio carlos,MG,,,,
97dc92f1aae3a7db8b252d1b8466910e,d5faae3f913e775994e53068992969b5,70670,brasilia,DF,,,,
1e1ee4caf4aaf60c6f5e95263a294267,7fdec9ff3ee1b114201473991d35fc8e,94010,gravatai,RS,,,,
898107309c7e33b88d7141ebde723c17,8e23478d59ab253ef04d4d2056ebeb93,89240,sao francisco do sul,SC,,,,
47a9d5ffbfeea9fd0290d4c461d7a169,9523a33b8bbf4b4f0d9b0b202ef25721,31030,belo horizonte,MG,,,,
034c3cb26461c58520139e4efb33ed90,b53c2691f8d9e0f58c1b548a4e68ec12,48030,alagoinhas,BA,,,,
a338432949ddc9b9e6bee3d2695d655e,a15630ebd61b2a42d78cb93fbebeda88,3143,sao paulo,SP,,,,
14c152bfbd60c86aa6bc4d4e68a9378e,51364d114acc5ab07134bd34edaa1722,99010,passo fundo,RS,,,,
f4608a440b868f3f57f378c4b8cd643f,2e3b427dc09d7b4f7430f92956b0f3e6,92310,canoas,RS,,,,
22c15b46adce8afdd7d58e6582752263,1501fb94311512e6b98462d159e05a23,3673,sao paulo,SP,,,,
f100dca2fea4be39e1547226e3cb3c45,b8694b368382919977838800e306d55e,22410,rio de janeiro,RJ,,,,
9747b6c6ac1b29b403e491b74feacea7,3260f4f60bac2dedc22a61b36c87b0f6,4782,sao paulo,SP,,,,
c0c87e50917bad186dc13135c1820d25,dc09df53d23ae01d6b42b547913aa2ba,89899,ipora do oeste,SC,,,,
b6a1445ee505f3a95c827e7a5188ad02,100bf2da12cc1fd1b556507aa87bf3a1,79117,campo grande,MS,,,,
76c6370ab8b030109448c39db2b9e08c,81d59547135bb962c771484f86d08c11,31720,belo horizonte,MG,,,,
76151005f31fee631493eb534d4fcf58,3fe3e628c6c7a15ae96416826a4c5952,8562,poa,SP,,,,
7b46de2ef0b70225f5ead1ebcb2954ac,53d1cdbad1f545453eb373aa2d834609,27460,rio claro,RJ,,,,
84dac31647902f79570207a7f29c2675,bcbab0dedb521d9c5412dd8913b2c900,9015,santo andre,SP,,,,
3eef17cb7b0ffaf55b88ddfa3d793bfe,88785e3fc48d90acabb7429b07139fc2,92440,canoas,RS,,,,
d96e5c4400413a11fa8c9fd54be4a20b,22b12c9c5bc6ba994b2423d87d3bb88a,29122,vila velha,ES,,,,
53d7168d4cbc0acd88e9d17e2e18b47a,587ddeb2fbb61cb3659ae90a54003cd9,22451,rio de janeiro,RJ,,,,
1e427598ddcfbca80566d2bcd92dd995,038301b43811478e1a8dc0e476eaf52e,5335,sao paulo,SP,,,,
3971ac136496b4368c1431bb5bce0929,1858eacbc8be35fe3b5dcfcd6d249462,79002,campo grande,MS,,,,
e9887a9874d592a5904dc3b85187ec42,33c1c5ea039f51616c3d36434b8da36b,62270,hidrolandia,CE,,,,
6cae94f1f58ab679c23ceb753967c9bf,58a7135fcd46147533c2f50747435ec2,34007,nova lima,MG,,,,
c8939d8acaceeebf85790ff318c89d03,34495b548b102ac3818eed9dcc11b252,20041,rio de janeiro,RJ,,,,
9143de688296ba2531bed7883a7f31c2,dcae8fca76db245777ee6f6f3f6d3253,97300,sao gabriel,RS,,,,
eb4fea182012be623175b35ee37dfe50,9ad4f9335cac4ef80ebf85ce93dee011,21370,rio de janeiro,RJ,,,,
16164e94f3a6460de7a0700e99b330ae,44c6a4a11589e4fe071e1b3af881b16e,85867,foz do iguacu,PR,,,,
54f4686e731120a05f1b88deebcfd894,d9fd5d3e285095887e96c40369cfd588,86081,londrina,PR,,,,
cca819156e50623e9d3762ebeee308dc,2fe9477037604b2d6f60ffc998eb0812,6458,barueri,SP,,,,
8e1dff0d67c90649dba1440b80328275,b26fa76ddf33e534491e4ec46f51bc64,29043,vitoria,ES,,,,
c903ba1283fbd5c51a9bad4ec9fd8d97,6e2064e4da450befb0b70bb2f0c68f64,13405,piracicaba,SP,,,,
3e49d94c6d8ad4a1f5589db832772317,77479db0fa60ddc453f3743abc02be23,20940,rio de janeiro,RJ,,,,
20296443465a67e0ac27c5a61f685453,b0cc15ee23845ff07ad13a3af4f34a46,8260,sao paulo,SP,,,,
996b18b4ff1e2f7cc85722ef402d1a23,50873ba9117e821aea862ced823f2653,21011,rio de janeiro,RJ,,,,
da76db45bad3e7725c88825007a1f3b0,1cef46483007e675198d0cb85e0370fd,25635,petropolis,RJ,,,,
b909a43dbe785f180ae31c4d0e79cd28,9692198eb90ef81bbe24655e8ccbd394,88220,itapema,SC,,,,
c8eaa92fb78e29a73b98bb005e08a45e,d1516068b604e6a0d832ef68714baea1,22631,rio de janeiro,RJ,,,,
0b81ac66ced97049984bd7faa500cdda,16e261d3a16e5ffbdf45706276e1cd40,71675,brasilia,DF,,,,
af922db8b1f8ca65d972706774fe6f1a,f36011def8af6cc9a2ee59eeebb2eb00,13421,piracicaba,SP,,,,
8935036852a292fe1f61a03c7d51831d,c7e96f28f6556e49a8cb36b624a2b117,28970,araruama,RJ,,,,
50e2e211862daf99d434538a985b5423,33235831eeadee4a8d2466454f9b6b15,5468,sao paulo,SP,,,,
4292ad887342214c93ed734b90355ce8,01d4d353f424ed250bf892af49d30abe,20521,rio de janeiro,RJ,,,,
8401401a8752eb431189e021b8009e37,81d8bf17c9e450228efeedd2603edfaa,77403,gurupi,TO,,,,
2f70159435ac1cfc015410b83084620a,d8778cbc1271116398b884b4e187882c,22240,rio de janeiro,RJ,,,,
33653a722db1d2f6bfe739b3a07f11d6,01689985c22786e41347d5167048b25e,79002,campo grande,MS,,,,
98250a166957267b24eafb8fd85d8415,3cf3b7cbb693ee1c1646eafdf1e7fafa,25040,duque de caxias,RJ,,,,
58dbd0b2d70206bf40e62cd34e84d795,64b576fb70d441e8f1b2d7d446e483c5,13226,varzea paulista,SP,,,,
a59a22655d75791a336909c4bd133fbe,c76c0ebec1c44b44dca88e42b23149f1,41815,salvador,BA,,,,
84ddc138522822dfb51b603c2f466a18,199888480790cc4f6135f3a3e11af83e,22743,rio de janeiro,RJ,,,,
6dc7d8b1ac961fe9d43edb6ecadd5f10,1024d89da874e3e84179752404838ab0,80210,curitiba,PR,,,,
6ecb390e8056057a25a1b49c37206958,8c81d87b1a876ac44f968c7f112501f5,73760,sao joao d'alianca,GO,,,,
ed3cfd8b632008c67e448e6cafd0738c,d69dd0996ca6a4f85b132eca6f19ef3d,9351,maua,SP,,,,
2269aa9a9e0847496cf2a7c2d86ad59b,b7f06c191c30297630e3b2771ff19e26,91760,porto alegre,RS,,,,
db19e8cffbc71ab7e1c29a1d6e4935e0,8ce353674a24c115d631c6207efd3e4d,7941,francisco morato,SP,,,,
3e92daf13094e2b667e2f2c38a4ce969,fd07960753dd725c1fd626b155846b1d,86081,londrina,PR,,,,
e3d123ca587e904151c6ee18f3481f99,64e61b85be9f1bc762c8bbdf4a15ed3b,58900,cajazeiras,PB,,,,
9ff020a259deb59e7cd97016824d8039,8e3524c27a1d5110baf073cb148b005c,5841,sao paulo,SP,,,,
d21e2497e6b83b755f5e6f4c8d159ed8,69171b423d7a60f907d5e8131ffc6908,22221,rio de janeiro,RJ,,,,
a5fd6dd86d703cedc9ab6be3dba12816,248d18ee4a4b0977fd21ef3273eb4352,2724,sao paulo,SP,,,,
27b04e3afd2217cfac1020a7da0cfc25,5f8ad624020f7db33a63d5a0e5d14348,19010,presidente prudente,SP,,,,
f864bce0fe28292472d76696b4c4639d,bb81df0a218bab2667f272adf597a188,27925,macae,RJ,,,,
1798df51bcc12309eb0ac35f5bb5875f,23bfe8fb29068a3a072d76d2604e99b9,24140,niteroi,RJ,,,,
0b42990c6a03665bc6591652ed10d6ae,ecc79411bf35aa8d224e66ca9ca5d4ef,14094,ribeirao preto,SP,,,,
837cf66598995d5f51efd00d99ced139,d28e54a9487cb4d360a09e7a96681e20,6331,carapicuiba,SP,,,,
3106fe6ef3e7aa3053de377e22826161,d99d9eec199e32dcde0efedc42a64724,90620,porto alegre,RS,,,,
f7838e5eeb3271df42376952e651e403,3725c5b8c1cf5ee69158f66922a862c4,71625,brasilia,DF,,,,
72d62fcd5850d8daa156a6a514da4ea9,9c0d3116a3594b1d4d2b28b871ac22fd,11432,guaruja,SP,,,,
acb6cc6ec99086b8b53c858a0731c189,87dff19086a1aa321cf06195ab40631c,22785,rio de janeiro,RJ,,,,
7ef73b34b0a8614d82a0756d9ca33f12,88416d14ecec06185dcb5a24a1258c14,19600,rancharia,SP,,,,
e7c5f957b0de4d073c09a91b8bfaa215,932a72c073c57e644beff5c85010c0a1,35610,dores do indaia,MG,,,,
7fdbfe237a74f478ff41c54678f104ab,3de8a3becddf5418bd75a3a695ebb6a3,16920,castilho,SP,,,,
399d1e628c48b7c3b6389098be566cfd,0ee84527dd65b0a7fadd79df2fc273fe,2377,sao paulo,SP,,,,
c14cec6645dffb638b0cbbf9daf4a557,0a4e2ad7c04efe811bc08978563c7b09,6460,barueri,SP,,,,
3d64d81cb7d22325994c3ef4ad93d2e0,c5f6047fb345ffd234cf5b26268988be,18305,capao bonito,SP,,,,
63f88c298f90fa0472a1c82af364fb5d,b78e0d82fdaed1ede44af275fab7a57b,35900,itabira,MG,,,,
0c45155afd8ff99622c40824057f9b34,87ae4c644c15d9c6b6f826dfec33b340,27273,volta redonda,RJ,,,,
e412443072bf2656a463473f5c9802c1,d234dd6da60ad8379e0ea3a904126e23,31310,belo horizonte,MG,,,,
b7cbef9a346d7be216c7e57369eea78a,4153163515e1dc07e02777b45b79121a,30750,belo horizonte,MG,,,,
cc2db083341ec9bb757b9f9a70b289d9,ea9657105a8bd47c0a60e1f2a8f2842d,35460,brumadinho,MG,,,,
ba3635a32005efb8620da7e57b206cdc,3e1d36a04ef1360d7f3b169610906a71,11660,caraguatatuba,SP,,,,
44344e9f944a5692177be10177f62fba,95b1cb35aa91d54d59bc51c85b4de0a6,29780,sao gabriel da palha,ES,,,,
0d8111a81ce6ed7cb969e28a01392f63,1c7255916dd10f4dae06f9f3c307a393,29313,cachoeiro de itapemirim,ES,,,,
93868f1b95f724d239389b3bb1eca24d,d31c97aa3ad392c8e38ec211d41f5510,20735,rio de janeiro,RJ,,,,
a62843b08086d1629415a203a7fd419d,b32ff8caad5902c55fa167e7dc77cc69,15768,santa salete,SP,,,,
e3b91047e6ca3f5e8b656750fa3d61b2,02b3bd80b9721b83c5b155ace3feede9,35519,nova serrana,MG,,,,
0c7a95280b3f80eadd81c829e093dbec,46a5335f5fe2f04744ec3535fc6e36f7,65066,sao luis,MA,,,,
752b19f57cd013e2bf4e3c62da5a29e5,c192180b5d1cd366f6b0d44c3d9868fe,28605,nova friburgo,RJ,,,,
3c52d94017a3d96915999f30cf42a9ce,ebcca806966fdf4317d0741eeee16004,13344,indaiatuba,SP,,,,
b32b53ffb964ca001a0e4daca0b4a343,2c078ecf4c8eaa632660d66f124be60d,11040,santos,SP,,,,
c59e8ff99836e90d8b457d4122dc34e9,0005ef4cd20d2893f0d9fbd94d3c0d97,65060,sao luis,MA,,,,
bd8d067426b640b65c68dd3ee6c71d46,42bb190d26c930a9e7488bf0abbe87ff,91130,porto alegre,RS,,,,
e1f35a414cbae52d09c294b3e58c3e89,a6f9ff98ef3cedac9d8a2b88afc89972,75144,anapolis,GO,,,,
cbde8134b8a718381d08167dfc58ec8c,137b3b977306da3cbeb1b552378f08e2,85903,toledo,PR,,,,
c87e0e6aa4b3321adb017785ff605af2,0697142614905a50813d854fa08b8eaf,11425,guaruja,SP,,,,
c476ddfbabfa4624603e0b7f8e245057,5b861df2503dbc8ca307dfb7e18b300b,20720,rio de janeiro,RJ,,,,
1c1bfb2cd4aa789067295941c42120ff,3f7fe16073dbdd44c23f327bab3def2c,65912,imperatriz,MA,,,,
fd967f807427c24072652b1f62d4fe47,2c06826e53407560a26cc44d66d22726,90620,porto alegre,RS,,,,
fd10113c54f4f4bfcaacbd1c2d188a77,db9fa24c8ae633ca73fb9b8cf741574e,30575,belo horizonte,MG,,,,
f9f9943ef9d29a86f10de3b43cd84356,2b40d79d838a6fa4022ee7f7070bcd6d,18080,sorocaba,SP,,,,
1b7500033ab2ef2a6e9a8e9b9aa3d660,e8df29dd96676053bccb41ded46935d6,88780,imbituba,SC,,,,
4c91265edcfe58dd5ce2dcdb2fba7813,289bc385e927d2777efdd16b74040d1c,89239,joinville,SC,,,,
0ffe52b2e3ef0d91f5387dbcca59a841,7d0d8854f71d47ae116e13924548c421,72306,brasilia,DF,,,,
b04bda1c59e5886ca37fd5cbb9729b28,ce2efa658830417cdf0c87125a11cf55,11680,ubatuba,SP,,,,
982d36c785912f44bd0f87ac7d8a7073,449f3747769bdc5e6bdf1a49c26fc8c1,39880,aguas formosas,MG,,,,
a7089cdfb6b910afd377368f3335b1e5,e1271d8a2ce007bdd8b40df8a0ded843,9230,santo andre,SP,,,,
f3576e2845514e8c7a3a89fd7691c745,a5676d84cbaa52218865e55f75e9ea36,19010,presidente prudente,SP,,,,
2355af7c75e7c98b43a87b2a7f210dc5,9e4159995424971423b98c4a8bc11529,6600,jandira,SP,,,,
d14c86b99a98e85b5c256c081e3cea03,297ec5afd18366f5ba27520cc4954151,5549,sao paulo,SP,,,,
7e99f5592fa32c986abe9622f3058a49,74084969d4b912b9bd10439ebb79ce6b,42835,arembepe,BA,,,,
67a1b364b073c272cc412276247ebe7a,6af0dae4a241c1a6f0a45d9af33bc1b3,60831,fortaleza,CE,,,,
16150771dfd4776261284213b89c304e,639d23421f5517f69d0c3d6e6564cf0e,11075,santos,SP,,,,
65c931a66a152fc0769247ad03785247,68b7335976732cd3d0bf1417eebf8b6d,18600,botucatu,SP,,,,
6d3be2594860b9675c102aa88d71992e,4465b5c91c87e80f405456b8c3fef46c,65062,sao luis,MA,,,,
8d8eb67ed5fe4ecffcffd8cd9b5556cc,6fc51883c0e6073fa9e9ce1ccd51017d,13565,sao carlos,SP,,,,
7995a0161ac789e3a05607de1620d517,2c3ed77b92cba1f5622b5ccaa1792b8b,21380,rio de janeiro,RJ,,,,
0f2a7baf176f693c27c891360da9ef2c,7e198addd609b9169441891b3f0df2b1,88308,itajai,SC,,,,
f0d95b3d8428cd02d2074a86f06b9519,c90ef56a367801d33803d0a704962863,13615,leme,SP,,,,
0bdaa2e4eb24874165d8a289092f7407,22fc43805362081852900eab46ec116b,40170,salvador,BA,,,,
57ef317d4818cb42680fc9dfd13867ce,e883f26917e2095c439f70c2cf8c914b,22461,rio de janeiro,RJ,,,,
f5958334207adf09817b5451cba61651,8262ef5046932be5b3279393f8476614,58345,mari,PB,,,,
247d810acdcbc96b05e98fa5ddbc250e,6463b8a3ff77bb42c87e658a99f9e1ae,29048,vitoria,ES,,,,
4cb9602acb31a0dbf81de01a43d2d4db,036c6fe22420081a961aa797cfa2b80a,34580,sabara,MG,,,,
71accffbcbdf8e02f67a469f65cdbf73,31c23262d79bc7e803884e37f9bc5359,98801,santo angelo,RS,,,,
8bb3bef4e75a95524235cdc11a7331af,d1f24d1d504e27bee13b415e40daeab0,40055,salvador,BA,,,,
d1684ed69f8fd574b7c344de923f379a,43860f86362fea12550bfa19ef73015f,38550,coromandel,MG,,,,
55c9044401ffab0c717f24405e2e042f,d291f3a15290c4c1edb70dc04fa8f35c,22725,rio de janeiro,RJ,,,,
25ed0dc24f7c50b87f638e5b368d06ca,18694061bb05a1d8d6ea1c14a7c2f912,12422,pindamonhangaba,SP,,,,
c508ad14bc3cde5d1e0bfca7ebdb77cd,65673eb10bb25611b2a9eda38b0e57ff,37902,passos,MG,,,,
81375382bb64d7f7ba43b0bad8c033bd,fd9d39fa11a8725fabb15d0ff706251c,62600,itapaje,CE,,,,
430dae64e910e717c1135ff28b67aad2,c3cce848055be6edcdf13a5509930333,30315,belo horizonte,MG,,,,
d356c20816dc75a309628b5c17d89468,98e71752819916789567071c52c4239e,22611,rio de janeiro,RJ,,,,
7b63cba66b8e6d002e94d0990c1e2868,38c3bc2d6df03905e3e8d3d5b079acf4,22790,rio de janeiro,RJ,,,,
f19b59fc51f101023eb15bfbcca65f31,08b76bd6862f5b38fafcb80a4eac3bee,26525,nilopolis,RJ,,,,
6c51ed8c29ff8bc5f3b649dc7315b787,6d841360f19534b806b7ff157b2a54de,49980,neopolis,SE,,,,
c15a53f6fbae984bcbf4ac7bc4395cc3,6a9501d542243cbdd043c91a66795279,24210,niteroi,RJ,,,,
9e593469b6f1beac77c2da4d73bf1228,ff9d2f60401262b9da1e868f956fb2a8,38703,patos de minas,MG,,,,
ea477083e770db0655938e79149f8c24,be03685420bb977861dda08f4b4088b3,17063,bauru,SP,,,,
d5f23b6e251fdf6e84267303b9b84561,9438aac4d0e7d43bf01d7c06b704c286,4552,sao paulo,SP,,,,
c713fee6f70301b6bf60701902502703,52e9f9328ec2e09868646b23c108b099,16901,andradina,SP,,,,
3c3472f5efc17888458e428b0b9eeef3,3ecdba3759728beba1f9ed3643e133d3,9784,sao bernardo do campo,SP,,,,
d179f9e9c42bb8355300f094908ebc7d,4dbcc784af3e9cff899f8e7b72ac5ce3,13400,piracicaba,SP,,,,
a7efc7f9a3444cd0b3d780d5a060b2c6,9439251e563c4ea556db0b4dd90e6ea6,3310,sao paulo,SP,,,,
42dfe5520e445df2b7fa0b6e0cbab834,0ee8ed214b25bad6bc78f74f1ced10f5,9820,sao bernardo do campo,SP,,,,
8c9abe2d8c6e95757ad580361d7541a5,702aa0ece92d4c51247b7cc0daf27f6a,1321,sao paulo,SP,,,,
09425ea1839abf2f0d289a0ff453fa21,10c573ba276f9857dc6820e0dde57fb8,14811,araraquara,SP,,,,
491609eeefc72ee67ee5b42e63ba9859,2bb3ba4dc5cea88949645027d417b4d4,85801,cascavel,PR,,,,
9ed5e522dd9dd85b4af4a077526d8117,fda4476abb6307ab3c415b7e6d026526,11702,praia grande,SP,,,,
8545a9b7b5b52bc607f0fe72c7dd323e,6e0547a3483b069df1f0fb2414669584,28896,rio das ostras,RJ,,,,
668602ff7a4ac16b00c73785fda2025d,a3a988b211e387fba3be6fdd9b3b23be,18680,lencois paulista,SP,,,,
ea6b8e999abbe1a2a86fccbebd51aec3,997abd6497ecc58c28707008ebb44534,17032,bauru,SP,,,,
1dd56893d8735089534b232e039b831c,3e99fcdff874a9b1cfff9828f5cc77c9,13800,mogi mirim,SP,,,,
430ec51e3c42def76f0d79a8edb21784,11f78d8517618f460d3a1179f42b6f9f,2957,sao paulo,SP,,,,
35d1d4cb6cb9997376abb3d7e1a97b19,4c6a5fc3a280205fd9147054195346ff,13481,limeira,SP,,,,
4f36ee71cd2eb2ba9c1eb02b36baa34b,a967a2aed325ac121484ed757da16f58,45910,alcobaca,BA,,,,
be0d8abce3af32826fcffbd35cb3b73b,72d424ec55a0c9fbbc6e442ec81e54ee,4810,sao paulo,SP,,,,
0241bf6728f2c70f948e9a51484d1435,cdf2b2b8c6e87bf77c870a059435a835,3972,sao paulo,SP,,,,
46490458d353247266448e9bdc7bd115,a9230d79e397fb71fa526975917bf449,11703,praia grande,SP,,,,
6220c6ab35c110dc7945b0bba49dc486,9b5ed7dd6e900a8dddac78911cc22562,9932,diadema,SP,,,,
969678c7317657c3a5855fe90a69894c,d47c6631d67f856392d0c8040db162d2,93990,morro reuter,RS,,,,
3674db4a48cbcbd032d3d2274f9018af,78e63ed7c16b6a93bfdcef66ad250a00,11030,santos,SP,,,,
98884e672c5ba85f4394f2044e1a3eab,860fc00d3154ce2346c43ebe47b9b6ce,4679,sao paulo,SP,,,,
eca9b206f2a9e4693bf0840895434e2c,4c4621970a6bbad78e4204b062ff69d1,93224,sapucaia do sul,RS,,,,
a2da04a295c890e30103aeb5356163f0,1a871dc1de3ae88bf92c8d94ca34fa9f,13276,valinhos,SP,,,,
5f3f5e9d45914b3cecccafe39f3f3028,2d14556024f4bbe01f147576097c42fe,57210,piacabucu,AL,,,,
8d9cf828f7181bf76915fddfdbb4148b,466731c3fc40a57fec44f98e97e1a55b,17230,itapui,SP,,,,
9efea31c85df91516b2874e4e0fd953f,fc5351f63f69eff75df74e44868ff374,65604,caxias,MA,,,,
28c250c622ecb0309adc441f549d9a0f,49a8efac851377a035f6e206ea2d080a,21615,rio de janeiro,RJ,,,,
e0588a026f187e4f6ec5cb1ae92380f6,395c3814b3b4b70a3f6e89310fe22cb9,92412,canoas,RS,,,,
010583f85dd55d32a6db1068f58ca6f1,bd077a2aa972e28fd6c205b1a22a2c11,57035,maceio,AL,,,,
9b5f0ef5de7b703b77e1131e68263de9,f6db892e508b52b2419ce2fe09628d7c,37002,varginha,MG,,,,
edbaa972997d3e33faec1e1b6e0b7e43,4cee4a02eb33c498d0ad31ff0e7f32f1,23931,angra dos reis,RJ,,,,
5dd8298fb952a22f28534bfbda71aa2f,49359fd553803ade0d04bbf46f84236f,55014,caruaru,PE,,,,
856423159bb2e932fecbc5917bce21be,81e28eaa424ddc2aeeeaaeff72f0f9f6,8542,ferraz de vasconcelos,SP,,,,
f1078903d2e4453e0d1905618174a3dc,945cd1869f42eca5d04a7242ef89d0cc,28909,cabo frio,RJ,,,,
b26791f21e725f36e32d150c31e68c9b,fcb28b060a641bcee2ebb44f1041ad46,5409,sao paulo,SP,,,,
745fc498c9bb2df2194e737485a1afa9,c79a463e85fd8b530feba7db28c26de6,13420,piracicaba,SP,,,,
337e39b83fac394e62eb7876f45ee981,7e2a8ae1e36400f3da3f99af72023648,33400,lagoa santa,MG,,,,
efb3830adb68fb8a89c948774388ec28,577edb526f98771b20d6db4a51d79423,22775,rio de janeiro,RJ,,,,
b626b511cecb256e0d1514d883084a38,1373e04979cfa0fb2092909abbd57f25,45400,valenca,BA,,,,
d83f1643bc89dfc8516c6c2a11f46258,79c389f4fcc007dfbd1f317f29e85030,22270,rio de janeiro,RJ,,,,
aa57e2dd7b09a0f2cecef92f4d99395a,2b883561eef84b78755217c2d06ef360,87320,roncador,PR,,,,
02cb822eec8b6309e7ce715ccea3390d,88e435343ab7c7ef2f1d4a751a6c8a2b,4421,sao paulo,SP,,,,
c29335a8f8c366e3b1b384dbef4e909e,8733869bc6086925c4f855b9caa09ac6,5267,sao paulo,SP,,,,
c8c4991d84dbfef1f61c6152486db6d4,9392534851a5f1f12396b5f897f9f2ad,13075,campinas,SP,,,,
adf1ecaca5e192f1356ed0760e5432ae,3afe3f02d75b3d8d823d14959002987f,65919,imperatriz,MA,,,,
6a4ea2081853cd8dd8d7c69cdf86925a,f64ee7b44a9c2170a0db74d6bc3d1ba8,28027,campos dos goytacazes,RJ,,,,
8857149a50b77dba1bb318e46bb57f65,91bfa4d9b218b0ba5f4bca20ab8eb63b,39800,teofilo otoni,MG,,,,
ebcf50ec311622a9b17a720a655a489b,41e36b7ef606e5f8d7d85358fabbdd88,33120,santa luzia,MG,,,,
176a76443d14508cc976f1d84a44921d,31293649410caf78cd0a64bfc3ff3d78,19915,ourinhos,SP,,,,
351d3cb2cee3c7fd0af6616c82df21d3,0782c41380992a5a533489063df0eef6,6636,jandira,SP,,,,
576908744ae56c9cf061c40a434e2a24,7af7a47d87d53e6db00e70790bba0370,66093,belem,PA,,,,
ce0421a97232c2a1194cdb66cd3ebb9d,f99edeaa8a00f9866fd8fce5a0b83d4f,60125,fortaleza,CE,,,,
816cbea969fe5b689b39cfc97a506742,85c835d128beae5b4ce8602c491bf385,38017,uberaba,MG,,,,
8a250edc40ebc5c3940ebc940f16a7eb,6062db572f3ef38b7a8ff4307abbfad3,13044,campinas,SP,,,,
9247365772940bb769c6a672afb55785,4af447cbcb836009ce836d9d775d306c,4708,sao paulo,SP,,,,
ca0aaedb924d47b85407a1130582b836,14b1fe83a6c8579f0502b467afe01b7c,37478,soledade de minas,MG,,,,
1048e3bbdf891bd8571eb3739c0c9d2a,211b8c6507e44d69f8abb9775dcbc0de,11060,santos,SP,,,,
5f7a7e33fde7fdd09dac4e27902f7868,a3a5ea7b1ca85d1a9e4a756cfbf0060d,95770,feliz,RS,,,,
96cfaf71faaf9a904c4045fd835853cc,b48348743e921a4c82657d401675e069,60175,fortaleza,CE,,,,
e0dc8ea464de23db3b4aa5fa6ae07cc3,383fa1a759c0437605732a46d4f43d2c,71918,brasilia,DF,,,,
a652f27bc38cb4869b7d5d82902c0b16,2c82b177d38aab12878490fd1658434e,83321,pinhais,PR,,,,
1e0cf6a24bb919d69e632aba60a69ead,85fb83a5f1c3ea6c7824a3e55e7a6183,36070,juiz de fora,MG,,,,
800631fef0a782c3a8efe7d8071df64a,6d3c02f03efc71b44d52999fc95fc86e,75200,pires do rio,GO,,,,
cfa9e5ae05a54e058846a30a2c288118,4a920352e96b1e17e0de73c58597b582,31560,belo horizonte,MG,,,,
a9bb000979210a35541c29601f2dc03e,fbfcbb9969287114a9a4757e78f6f807,6900,embu-guacu,SP,,,,
d299e0e07e35f5c6fd348ed83551a272,c42419a1aa4e3642cb0f1a49f0ed81da,92110,canoas,RS,,,,
8afb90a97ee661103014329b1bcea1a2,7ac26eac431c6848694a2de6f0327524,75123,anapolis,GO,,,,
e1238987433fd511c3a493ea3d3913b0,3bb9fa30f4bbd9b9f1aac2be8d5928d7,88340,camboriu,SC,,,,
18a76d8e984df9cc300315102a1008b4,3c93aa15af0ff23c5b07f6f5a3277745,9050,santo andre,SP,,,,
ff60d321ad354e757bb24fa7ae799676,e97d62ecbf23184875db94c696c9c00a,89291,sao bento do sul,SC,,,,
a11dde3e6e22e6541818f5e81563bfc7,5c88de047e539f2ed9a643b3c7522f14,17250,bariri,SP,,,,
3d54e262ab34438486bd0eb8bf022c2f,f2479f8d117c49610d5a2d006b4ab716,91240,porto alegre,RS,,,,
e2a629c7ccabea34df0cb4954f6c08db,a49f5184df6f790d7765174f8fc569b5,3059,sao paulo,SP,,,,
9e76b1b37605f553636242f3e5861c3e,29d72fba272ad06ed0b2ac6351da042f,15015,sao jose do rio preto,SP,,,,
4b9e8cd034b45245928f0d55a4ed4310,293aacb301c260f3bdeadf8e108f9c8f,6458,barueri,SP,,,,
fe2b285a4d3936b9a37ff7460a0d403f,7113a50db7ae2bc6f93d766749e5125a,28021,campos dos goytacazes,RJ,,,,
b3ee7fdfb85dc3e5de3517c7be1bfc6e,382eed2ef04ec2c6afdb28d7492a17f5,12248,sao jose dos campos,SP,,,,
39851c46815f49fafb7bc26ed6bf513d,e51e07cef993df6ce1e8604ba2261b5d,2178,sao paulo,SP,,,,
4e766deafc3ec54aa57cb6d4d705e506,3283673183a99cff1de963f7d44063e5,75110,anapolis,GO,,,,
544cfbf822c23de5e82f86d638b82b58,68b985a24263e49feebb66ab492145e7,26282,nova iguacu,RJ,,,,
c1951203ece4074187b167b92d80f71c,a2979436ea8e2cadacb6bd64e8b37d9b,28970,araruama,RJ,,,,
de7123a14192ec3066359926049b0f28,dd23bb62a5c9ad13651fb6281a15b3bb,37925,piumhi,MG,,,,
d74c3362224f461a90b59790374dd103,e865ae0dea85c964888c8f117cc6b054,19880,candido mota,SP,,,,
6b1d775b2094e9c5a3a86e9e8fe01b3f,1ccfba98073a3f785a7dc51a4464bdd0,13632,pirassununga,SP,,,,
332cd7b9d5b2e74bf7553bfac694996d,c4384a7902deb7c5b60b480573876d9a,91550,porto alegre,RS,,,,
ff63f83bb3b2dc9a2df626cefbddda8b,07296cfef11b5e2ee8ea429920c26e0a,5535,sao paulo,SP,,,,
2ff1efea5cf92067b167101227abb467,0d51e04ae0b1d341e4f49812d1f4fbe2,15500,votuporanga,SP,,,,
15f3f60c0575a9f2a7d5434f7b8a7692,96a9e66285108791875512fa49cab22f,12490,sao bento do sapucai,SP,,,,
6fe655df4b9e1e4a3fc234cec27c55aa,c934b7146180892c1d0c54bd452f0fda,13272,valinhos,SP,,,,
b577ba81b673d2fad6f974650f3dbb5a,c68ffc361044816323eebe6a756f3060,35900,itabira,MG,,,,
2f9fe192fe03e0b19bbe3ff35f3100c5,588e6801be0610dc8c81d04eb23acd22,4182,sao paulo,SP,,,,
8bbf21f65f542300bbf3ef6012820922,6a5cf4459fd3a29f02b960b8f2d3ee7e,5560,sao paulo,SP,,,,
5bdb6841f00ab95bfbe2e2bb7eb66ddd,1612e8679bfb8e8b5a2f35400282af03,7120,guarulhos,SP,,,,
97cba178632e2fed3edec61ce374fb60,8396c03f207f8a7b155a99fc1e56a98e,16500,cafelandia,SP,,,,
8a4ecf2e2fa5faaaf02827b368c0c17b,6e73ccb686c79f2406264857ad8f19ee,36037,juiz de fora,MG,,,,
8c28706c8f9e0cc8ceea7d7e116960e9,519a9ea42ed875f12c879049c09e8c02,41680,salvador,BA,,,,
f7bdab6e68a28bf26acc7cbd785790fc,95a4a22f35928ef1a276bdef2d07081f,13219,jundiai,SP,,,,
3e3a04eb993fe7c6bab32b40fcc51f7f,b6b7c81604adbef7a32d4bacde272d41,6753,taboao da serra,SP,,,,
e600c255f682a86dfd0c57d3b1d7417b,b96d7210632c1e88eafbf34998081f43,15991,matao,SP,,,,
3cecfffcfcdbac8b85cf74dfc8a60166,70457f5d80967f5f4083e0cde7e89ab6,70763,brasilia,DF,,,,
5bbc72ac56e6c2d61f23a8a91a6ceac6,ba136375f078fedf9689674d4786e281,4310,sao paulo,SP,,,,
df7a84452bd7d6921705ac34f40e864b,9c01b2b200a873ee3d7bf6f8e04a45bf,6714,cotia,SP,,,,
084064d0e425f87b49643992a88c2b43,1f4dd20e59017acccdc1888bd80fd381,13080,campinas,SP,,,,
3c59cb3e5e8348b4f5303307f6c6048a,1caa43df498d168ee748d5d7790775ec,1434,sao paulo,SP,,,,
2c64fc3c9f0672a9f2481654a7bf109b,74e18f891a58daf76d6bc822b0dec66f,74785,goiania,GO,,,,
1a4dcc966b712214d7c0d25f13fa2deb,585a7960832446ae265d9d254b542ed0,28860,casimiro de abreu,RJ,,,,
b8cd636f6513382dd886029c3e51c412,7d95fa7170950137cd6920141c9bbfce,36873,silveira carvalho,MG,,,,
74219e78dcaeeb30e8d09ed57801f0fe,366516219e06d4f39db335aaea72120e,14740,viradouro,SP,,,,
e8f23326e2c34831368372a3dbcf8ce3,2477493cd0ffd29ef87933e32466fb8e,22260,rio de janeiro,RJ,,,,
eb44fe0ac99d141cdadb412aebdc57a0,01020c5b6024bc1cf2a3228e566bafb2,45645,itapitanga,BA,,,,
7715f80f77f2ebf4583f97a0a6a7548b,8a04e75a04c11b76156ef03b8ea45a18,31650,belo horizonte,MG,,,,
eb00b6b34bb7da3b9cf13c9ba8d1e136,98373acca5178086924094608b1ddca7,3317,sao paulo,SP,,,,
affe45dfbbc85f104e46987acfae38b3,485b849ef839f0f401da8bfdc7ac2781,80240,curitiba,PR,,,,
8085a9af46f619bc25966f151a362b0d,98758d88bf4b8eef1372ddee45d63178,57250,campo alegre,AL,,,,
8f039377398b08c900778a60909d1e49,2b53267d59423e552bc93a0e771f4ade,37620,munhoz,MG,,,,
e19a18812eb4e4fadf5db16932c2595b,18cd91b09cbc8c28ae022b38889aeb5f,85869,foz do iguacu,PR,,,,
cd46bd8781c25750e96a37a5e32450cc,b9b70004b9682db7a07defb7ab1b475d,5778,sao paulo,SP,,,,
b7079d031085e5dda5e1bcbd5ee3b031,a151a9b996e1d74765c707cbf9fe0379,86020,londrina,PR,,,,
afc13494642f88d253be56a1e353e261,2b22fac410c77b08b937809c68e7481e,12955,bom jesus dos perdoes,SP,,,,
50a5ce7e867f2fabc3eb4703dfb432df,23be4b5b1e9add3f80da9607e9de5775,4433,sao paulo,SP,,,,
bdbdcd5b18193390b025df518afe94ba,b54e1edda36c3e8918ba9c97ec8c7c4e,70350,brasilia,DF,,,,
ea15bb903b8f82b3f8ebdb8a9f305154,97a9c6ce2f5a124d22fe6be767bcbb07,37901,passos,MG,,,,
797525177b28cb08ae6d244ca133823d,77f60834473e9b8dd0c7dd6c9e0f30e5,26163,belford roxo,RJ,,,,
08fd236d2b9c7fb54e98c43a83d40cda,bc67be6e72092614068c8e3421832f54,9960,diadema,SP,,,,
719f6e6129a784bbc01b1267fe488547,e30fdbbdc726b0cba2116f03e5cebbe3,9811,sao bernardo do campo,SP,,,,
2a30c97668e81df7c17a8b14447aeeba,4987996ddcd0ddb20740fdce7c2bfbb1,37137,alfenas,MG,,,,
ed5ec5a2659505eb7eb931b0ca57a870,887826043ad269ee33e87d1886e5ed5c,78060,cuiaba,MT,,,,
a562db3c7cb9a68947debd30879b491e,e7d41c19da317af0612170197303d5a9,14802,araraquara,SP,,,,
c04472465a5f84c1055508f48ffe5b4c,c614379bad49fd0a3fb1c271e8f280ac,26280,nova iguacu,RJ,,,,
30aeb7b5117f7b889862eaa74b545e2d,3a5c7f0a36d613a96a3cef05fc890ae1,9541,sao caetano do sul,SP,,,,
6dac42a8db39e203ab662d2bac64fa33,c102bd464b89d5f2966296a82041a7e8,35701,sete lagoas,MG,,,,
7db5bde0f0fcee8817a4c317cf05429a,483921f4add6c14877a38acf62151e5d,30310,belo horizonte,MG,,,,
73bcbe6adbf53dee67bec4399c32b98b,a3b14b09ee78619350083da5c35f0193,7952,francisco morato,SP,,,,
1563bfe4b8d21ed87a2dd20cb1fae1a7,5883c17380bc970921a6c79ee2ea51ae,16013,aracatuba,SP,,,,
475eec32deae43c1479b18acc1f7781d,6b1b4cf479c558a8e050b249b9ecbd8e,6700,cotia,SP,,,,
0663e652f8793c2d4eb77e8185a5747f,73407e0f8a211899dab47838a5f723e1,91110,porto alegre,RS,,,,
b655e5fd84f933787506b58d4060458c,1314a4c9d175673d953df0dc729363fa,1218,sao paulo,SP,,,,
96b3ea36ae6536e8d46ac247b72b9364,1ac1c20d54ae0a375b77d6841663762a,27525,resende,RJ,,,,
8ebb06c13ec14673af1630a22715f4bd,e6e8ea2a2c2e768f5824ef27196ed655,88330,balneario camboriu,SC,,,,
14615837f83937b2dea94361cfb6770d,a8d771b4e13abd8d9df3b4f6c0a38091,85301,laranjeiras do sul,PR,,,,
993d78fad972fb03a64f3126d934160a,de8e3d9562f8279bf243c39051edc9a5,15055,sao jose do rio preto,SP,,,,
4f093ba642d31211516e40197a8e3aa6,b9ffd9f8e3189d5e28a1b6f22a2fad69,24416,sao goncalo,RJ,,,,
c5aa3c712cd1b1c509b3adb34dc14187,71f88e06eb78302859a034cd7d1877a1,85501,pato branco,PR,,,,
16c11c76b58be7de894336de67d21260,70ec0d94cb8fb8bebd175ffc701cf5d6,2710,sao paulo,SP,,,,
fd3aaca05dc7738e405ff6669a5bf7f0,328dd6e3fed7a5e91ed7d9aa558f0bd0,89830,abelardo luz,SC,,,,
f753500e103533c0f47c35ca41d9923a,520af1e295c9d6d6dc0413afa815b0b9,22720,rio de janeiro,RJ,,,,
cd321431eb241e989d200c78d0a4bfc4,1af28a3c717ee367ac8e4ed5e03d21ad,39401,montes claros,MG,,,,
fff5169e583fd07fac9fec88962f189d,6457be0b331148fb5454efc88d1e03d9,13458,santa barbara d'oeste,SP,,,,
3747cfcc18da3cff44fd440770d92d97,ec462378011c63f79ec53a2365d8e71b,23070,rio de janeiro,RJ,,,,
5a3f73cc3e52ab64478beb5ce8756f4b,520a88dae0fd97b3230c7d36aea4196b,21073,rio de janeiro,RJ,,,,
ac99113c54549df0dffec419b6cb19a4,d567f29ec5fa447c99e949f337f3a35c,35661,para de minas,MG,,,,
62a31d294c310db1ce08d21a575c4144,3e8ec82c18ec9053aca2a527a3eb8494,99010,passo fundo,RS,,,,
be2c2532426301bff89f1493242c4afa,c90f4838718f64510792abce92a1a7b5,7060,guarulhos,SP,,,,
d4e19535b2f75f549d799b3841795ce6,c4750b080e135d87328222826982fe39,14460,cristais paulista,SP,,,,
116e210883e0ea55bea66b38c5d71ede,82902ed35742cd23bb67a4b774a0bc63,6717,cotia,SP,,,,
ba7cb70dd18aadd6f7f72c60d08df953,5ffc432db902fa134ebdb7ddebf29613,22250,rio de janeiro,RJ,,,,
e41819d1c95c12c9ce495b630eab8aee,f63805d9c7edb84d92413af34b86a39c,5821,sao paulo,SP,,,,
1ba23b73f82990c2de74ebf5a28838b8,2683999c7b3dc785684105f447db1f6a,76200,ipora,GO,,,,
dce4e5a6bad0519b5c92cd5c4bc880d5,89b30dd291178926f8564ac63b8d663a,88345,camboriu,SC,,,,
9d7381a45eebf403b3b830a9742b928b,9403bc2d1bc24edda854c1c389c14da1,75610,joviania,GO,,,,
049e1221c498aac9230d750151d75706,a696f333cede35688305bf9a303b5adf,2022,sao paulo,SP,,,,
fd4e6dc2e2ca0393ac80b6a2d6001179,a7138fd83860a06e7caa59ecde50e89d,4653,sao paulo,SP,,,,
7e6fefa11d6a2c832593264f69df9de3,d4c0c343658dec14b2197594314c2cc3,35064,governador valadares,MG,,,,
c4e00400b6f79caa802740faa2829161,daec6ee742b2b2ce14fcb41bd844045a,15390,itapura,SP,,,,
a3b369b287f0fb3acdbd673d88cc3076,3a54b74d74d5830855a03bbf6edbd70f,14870,jaboticabal,SP,,,,
93d82c58a8f2b0d2db80f16867b99edd,40774d861c6ca4cc0139739a04d930a8,13010,campinas,SP,,,,
09dd621bd52c70a32eb2e306ef235b9a,36789cc8128e4a2e16d581da32b76d45,49400,lagarto,SE,,,,
aab60551b0c17b5dd31690b0d1bf3911,42572eaafadc787ce69afad9af65a7b7,8160,sao paulo,SP,,,,
1b9506de3da8fd318853195b13fb2dda,fd01a8dd276ac93aec73fde385389de9,1451,sao paulo,SP,,,,
004a2b3e8b026284407c620f4f01f686,e90a1b194724309bbaa6228c398d1748,78795,pedra preta,MT,,,,
247eb12909a8db3cc579b1260c3061e6,ceb4a58a238175053bbbf54ca503de8c,8485,sao paulo,SP,,,,
a2be07c22a9d2071f65b6770e47f540b,6204c4e582a95b6a350adf6988623bfb,13720,sao jose do rio pardo,SP,,,,
765f69252734ee67b9b129b30f8220a3,ec83d060d9a0abba4b409c544c744c2f,20270,rio de janeiro,RJ,,,,
0855edaada8d5aeef50b56f26e604932,429fbed971f52697e9bd392d94787bc7,65072,sao luis,MA,,,,
f6268d33d76b777b9a9c8a2c7c781214,5736be301e11f2ce0b0aa6fcc03b52c8,35500,divinopolis,MG,,,,
a617067d08312d857f24bc829af217e8,7cc6c34745843e3aed050ff2f89cf7a0,6730,vargem grande paulista,SP,,,,
9f64e91e123214007c18425d4a0be8db,3170ebd8b32a5e2102c9d75e0a7f6d74,1433,sao paulo,SP,,,,
aeb6533eeab4fbea7f9bdf37db0f8ee0,959d0dedf5b88c8c99c9c1375f839230,60871,fortaleza,CE,,,,
90bd9911aed064dfc625750fbd83ebca,77971c2442b1adbbe0448409df2ea56a,57041,maceio,AL,,,,
2e704319d4930866cfa99a7508fe0351,b2c4a9d12d0668cb2b33fd90c0a44fd8,25745,petropolis,RJ,,,,
9951d99835f50c491d724e5be22150e3,c459f4dd69a0d9468e3e170cf0c26d8f,21012,rio de janeiro,RJ,,,,
02d2c49ef9837fbf18d71940dd7cf97f,7f1b6966ec954a76bd752377eb61fd55,9572,sao caetano do sul,SP,,,,
47f5f43c79b29aaeec92a9c5e817ff6a,ca7304ae5735c22fa2df5803ad417ea9,36400,conselheiro lafaiete,MG,,,,
f6dd3ec061db4e3987629fe6b26e5cce,eb28e67c4c0b83846050ddfb8a35d051,15775,santa fe do sul,SP,,,,
5f816233eb2322dd00015934ff84693c,9f9b454e416375f3c705666a76c37114,29101,vila velha,ES,,,,
43bb6f9650ab2a7e6ef1c93168c4cfcf,6d151e185615942c0bc8cd9373471ad1,30310,belo horizonte,MG,,,,
3a0cc7c9af6abf8868dad5a1de4a16e1,fdfa1cc68f121149d8fcc27ee96e134c,2019,sao paulo,SP,,,,
7cc995918b7c4560b0f7ec54ef108d83,b813fe59b2d10fb59d5594ec8f91750e,5716,sao paulo,SP,,,,
efc248b5fcc421d31a203cf79d92ecc2,4b21961c548491ad87e7e1555f2c8c6e,3614,sao paulo,SP,,,,
ccea9568a9b9092688e949bcb955ddd0,a354ee7ba147e604d8b6c07ab4646a14,37900,passos,MG,,,,
6489ae5e4333f3693df5ad4372dab6d3,3818d81c6709e39d06b2738a8d3a2474,35661,para de minas,MG,,,,
223961a1714e148c0c249487eeac351c,2fb0af35a7ae96cdc1f65637d0601c7d,24241,niteroi,RJ,,,,
c1596c970f5f8765d684e7e6e3421011,7ee4672fed0ac16825e6d4b2a2149833,29162,serra,ES,,,,
c1d8a080ff171328688530727dc4e026,89efe7e4fae8f61f003241315a2a5f83,41100,salvador,BA,,,,
2584307af792d605f55f588694980576,0fd8ff3aed86ac28b280a2b352cd7689,37570,ouro fino,MG,,,,
7c71e90638cc8c6940af7e83d490cfeb,d6ee23b2b268ed053882bf4041ce2a2a,44700,jacobina,BA,,,,
727dc68f327d34b77009f5d3da5250d9,bb7422969f2b502894c5b02697ba986d,11920,iguape,SP,,,,
96fde6eddc46595a15abddb41f62af9e,5c0662e09dd48f38f85fbb079ad84580,9030,santo andre,SP,,,,
574e00dba47edb0c55e3b7e795eb8104,4b3b36d4ffd716cba64746c05678d5bc,13050,campinas,SP,,,,
b8cc30d4bb91f771891ae6aace4270b5,3e970efbd0047e980e384bbc61ab1341,8275,sao paulo,SP,,,,
84e32c18718319d7e8f2d11f897d1afa,1c721d062a04d51d8d3887dca3571cf4,32071,contagem,MG,,,,
34417388de13fbcd12cfcbd9d1b8dfbd,d3581765bcf955dcf282b1642c74157c,78045,cuiaba,MT,,,,
698a74f33469466fa4172e829505d1c6,c6f624cf0e9908fe310d59a80350bea0,36240,santos dumont,MG,,,,
73b858b84d3afef2fdc6a26f3ee8c6f7,12373dc83d9c052f14c972f235f75064,5782,sao paulo,SP,,,,
89a187407adfc8a32a4d6233a6a237d8,c7e193525b2825ccfe5c65875c0db1dc,79002,campo grande,MS,,,,
0dad07848c618cc5a4679a1bfe1db8d2,ec979208947bbba310f2ad8e50963725,31160,belo horizonte,MG,,,,
71d768f0401c468141199473dc548df4,c69703f63cf67e987e7bc1c7dd4e1ac2,14900,itapolis,SP,,,,
55be5653a69f4551dae9951e54acf572,0921f17ea370fa9de5ff832bf9cad923,5847,sao paulo,SP,,,,
598f0ad85bfe5c15f18b219ad41a2167,ec15af4d797ff5fcedebd6f1e9199fed,20270,rio de janeiro,RJ,,,,
88cd4760d06074426489e89bb4116184,871d8e3ddc6aaebd0288d07eb1758d6e,71906,brasilia,DF,,,,
89a6b1bfbe1b366503995b8df4c49450,457626c51309d814c33966c88a161545,52041,recife,PE,,,,
135bbed7ce32647898c18ba5907cb80a,de15baf007da0ecdb27570fb46fddef9,6544,santana de parnaiba,SP,,,,
d57dc4003cdf3d2229ca20d76b889075,58e9485906911afb2517d118f44b9195,44930,presidente dutra,BA,,,,
2de342d6e5905a5a8bb3a991c855f3e2,e8d87ee946600f7753579a074fbd2d5d,26551,mesquita,RJ,,,,
1e47b918581b562a9d8d9f85fcb9b1e5,71a5182c33ade63d4f8b42f432b834c0,13045,campinas,SP,,,,
c9f69364407bc8db796b2c6f1c353f61,c683ed9776a3bb038982ef2aaacdb9a5,5735,sao paulo,SP,,,,
9890d391eac598a0bba5c6b6be617388,3b25730ea4e83eae8c0e90b100dde51d,5659,sao paulo,SP,,,,
ab9e9b26c172c928efe04a741772958f,696b9f2a7a5565a5b79d8490514d3f3e,22631,rio de janeiro,RJ,,,,
b28f05c74142c8e7c6e07e5336fa63ae,2dacd79aa5d1a86240b37b6c588de551,45605,itabuna,BA,,,,
03d804d4d3e76cbac2fdec148e8d2742,f2274f10e72e18fc77be57393daebbb8,25660,petropolis,RJ,,,,
5ea43e101aceaadd7ca9fcf1b0226a6e,a3f0606876f54bf01bb90d4e9b24966d,99701,erechim,RS,,,,
cba40225005628d0bb62cc9d15c9333f,9fedd99d17871d39dd3a65eb45e0d792,4078,sao paulo,SP,,,,
3ace63287bc8b41172016c06a5093808,25e6bea0f352b9c61d1bed324da0f5cb,95670,gramado,RS,,,,
e69e27216b375e2c7e1be6298b051bf2,4702ba5faa8283e0f6b6a545cdaf8a9f,56870,triunfo,PE,,,,
f6188d661010819b1eac0c417e0c4cdf,46732b93e98cb6b04a44917b50666a64,1532,sao paulo,SP,,,,
7dd2e283f47deac853cf70f3b63c8d86,13df7b623839b4edc579ee40279d57c8,26263,nova iguacu,RJ,,,,
f2a48c51664d5ca2d7401f95994bb8a9,8f060d52f9c6e9244dc0cba5951bb6ff,13076,campinas,SP,,,,
7d9802889236ab8fc541bfb438978cd7,0c35f915ac95c942a535a99bc22524a8,2722,sao paulo,SP,,,,
295c9951f74b6afccdda7ae478526cfb,cb2d339aea25a85bda60fec5f65bb39d,21330,rio de janeiro,RJ,,,,
42090a79268b92ced0c591a8e63d57c2,e7aa5a5869f3e9d7d04fd3aa5f90631f,60822,fortaleza,CE,,,,
7a186a2e9b7fb35a7d158a5a43447b3d,0a4a2b4c194b982d2ded16856464ead0,11680,ubatuba,SP,,,,
32b84239e3f3904ac162d832454770c7,a666bec8af192f2238a0b719a7063a00,23093,rio de janeiro,RJ,,,,
3b723b649feb48f3cfbb9c728efb3d7d,8c07068e51d745035b296ebc1c8cd16a,72914,aguas lindas de goias,GO,,,,
bf2cd0dfd7ad8b44be636ba1079d6358,ea2aebf6103bf1a7588746b16238eb4d,88136,palhoca,SC,,,,
b27329504d3818ef391c0d13829964b3,a1341a488875fa4db05a8fcc0e3c8ec2,13219,jundiai,SP,,,,
92effc61cdcde58dde1a6295fe519bb4,e21de6a27b44cc95f6dc39e1ceb47cb9,41490,salvador,BA,,,,
29dbee0c474f373b72267a9e886522ee,f793d2815c27a46dafc9c92a1c960103,24342,niteroi,RJ,,,,
8d69dbf0f4dcb6c90367e0877ae94732,b1f8d8ebab0d8174f573bb6797ba8240,38307,ituiutaba,MG,,,,
04449133b1f1b228059b3c539fd03ed7,d0d416547ab8413475de3b35cfe92bee,88047,florianopolis,SC,,,,
f7b57537fa449131d8d98ec0f4e1d0ba,c94dbb5ee9997a25f01fd5e5bb852f4f,41830,salvador,BA,,,,
e3893e579755de4feb1a4d0313c103fa,cd6b577df45c00daa6b2767eaa947c72,13092,campinas,SP,,,,
f211421de204488bd0f9beaeba60f04f,83c09d2636754fee9e24a68c6abb16e7,3112,sao paulo,SP,,,,
ccd330b2a68b43ccc7456bd7b62e679f,4e43a8dc4b83f80e615beed495cd2229,11900,registro,SP,,,,
438df7b1a12e7eb43f99b35531167e0a,157734852d8da89de2f250c1916833ed,5877,sao paulo,SP,,,,
137f50d5bfbcfb9578c50605cc9adb16,9bc0afc85b2f40c797f96f7911397708,5087,sao paulo,SP,,,,
7b07a86ba7d3c0c53f96bf14ea8ecc1e,2e1519fbbcdce2a37aa5aa94a9076e75,71250,brasilia,DF,,,,
48dc227fd17db8b6dacffb7d2be80886,a94762863997266a89d86350f7f20f54,1526,sao paulo,SP,,,,
2726ee187e4908c9683ac2a8a0424af1,f28cab5ad7d6c9b05e6cc9c310761968,27285,volta redonda,RJ,,,,
acc1272df0c1c3d973ccb5be09d0ab41,c872d5914996f4822fdd5a4a742965b0,39495,montalvania,MG,,,,
6e3d5df3e5aed86d96bb5d0234f4044e,d9876db394b3f1f5f599ba5adf911157,12247,sao jose dos campos,SP,,,,
c5e16ca2f4093350809b5f66c5cdfd32,b2ee5bbc35d3e89184dd87c1d957b013,25961,teresopolis,RJ,,,,
3cd29923676e2dde9a89f7232a64de8c,82d138ae6fc1dd103c9b3eda595b61da,15830,pindorama,SP,,,,
131227776a8b159a13938a0abfa95c5f,06b9d6221ccd83819ac6ad3f352854a9,24450,sao goncalo,RJ,,,,
b2381a85f8237639da2719cd5981b007,576a1f3bd1b073f5a84b23075a37b90e,89370,papanduva,SC,,,,
aafd4a30b4fc87b9ce204df17db5196d,c09214ba56100e782501686ca3bbb119,9571,sao caetano do sul,SP,,,,
3c628393675b42c6b5ef89461f68ecef,106106992030e0d83e6f1bc9d4054070,30770,belo horizonte,MG,,,,
1d50170cec4905b52a53fc43cf2eb0f7,33e7c312409096541dd095d94d6ef95d,29216,guarapari,ES,,,,
bc0a84ea7543ac13807feccb5bfccf4b,d1c73ffbc43e326738aec07c5dacb8d9,61902,maracanau,CE,,,,
0bbbcba4fb2d97e129f2f2622d82eabc,521af0bcb7fe9f806c95e09422b38a43,9760,sao bernardo do campo,SP,,,,
adb3c4b6fa67bf11d5ca618f5cbd044e,37e2dd61ca0493062acccc353270f8ed,35557,carmo do cajuru,MG,,,,
f9f3547648b8c4bce58da9e9ab677fb8,3128b02155500306be4504a92c35c4de,95310,andre da rocha,RS,,,,
32ea572ef909ce200bf5097211d79d22,48aee83c86f97efcbe8143093423578c,65045,sao luis,MA,,,,
6a5c936a909849dc0470967e01a7177e,2938f83ab0df568b408eeed27fa98656,11370,sao vicente,SP,,,,
da43a556bf5c36a1104c473cff77de6c,2e0daa38f7fd081ddcda32d972e5ec50,85948,pato bragado,PR,,,,
5e3b89299a7d6e3e10f9bc6e77923f88,464a3d024ae34727fcaf86198537f5f1,3685,sao paulo,SP,,,,
438587a96c7fdbaaa67dd07b72a170df,b07770dba1794e80044414e50db25d32,12248,sao jose dos campos,SP,,,,
bf0176bae5facd261148fb881ccb8cc6,34745b94e42969e956d446695f58421b,6506,santana de parnaiba,SP,,,,
6a9b5719c17e4f44e30d33c298c0739e,ea94f7a5177a14fde12ff625b03dcd7a,89837,coronel martins,SC,,,,
a3347136bb1bbf91baf78c0972e1f3ea,507fce5023bb08327ad3d22108910c31,2112,sao paulo,SP,,,,
7a399396442d5601cbedfbd0a3cf1da4,60ec651482858c327c177cf9360cc0a2,45990,teixeira de freitas,BA,,,,
6ce3934a71cf3aa6ff51b5298ed06d9e,6178119ad39df8c7d51e4e5090976357,79012,campo grande,MS,,,,
b2a65630374da38ec0653226f3ea4dbb,b7eccb8247dce2f986bc667143eb475e,21625,rio de janeiro,RJ,,,,
2131f859f33715756b10efb97d873a85,5993c0ed4bc51b72a8332bb7fa4303c5,71680,brasilia,DF,,,,
6cffa1011064035b56965e363955f701,e060df3099d550d647a82326badf63fe,95057,caxias do sul,RS,,,,
279084854f91753f3c2feba81d4573a5,4ecad7e3d36a7e834f1095aefcc54521,55295,garanhuns,PE,,,,
4b1b5c848616a4b5fa9d76cb1d12067b,3c857a6f7828bfb70fb712e2393cfd1b,5727,sao paulo,SP,,,,
ca5fc68d665a2ce5392fccbde3475f72,a914b2be4782207abc6758095ec9e8aa,4130,sao paulo,SP,,,,
16c1bb03adb08d986a62093823959ec6,22c84aa3c94faa9b0533e5b95f440d57,37890,muzambinho,MG,,,,
c2a9d304ac6f6c83a1d58953845a94b0,001ae5a1788703d64536c30362503e49,27276,volta redonda,RJ,,,,
b103b8c8af8eb17c72c213b36ccd4f34,523366b9899aa70ec24c372c3ac27805,31565,belo horizonte,MG,,,,
200b152d4fcc6b4fba34c286b4c83a17,436da367462528f45b3f6a919ae08b9b,74845,goiania,GO,,,,
d91dc5b08f5bb5e181a878580f4ec576,a4e15c3b37a5bdc379b5d9a8b7b37450,66033,belem,PA,,,,
43696894b5bf8fbe1a40b2148ea505a0,fbe6316a06058c651539cbf59ec5a0ef,39100,diamantina,MG,,,,
655418b3cc52d17ccb5b4330a7f03197,12d280dc9e8bf7888a3d2a8a8ae74f8d,9710,sao bernardo do campo,SP,,,,
9092217b4f4aa4cd1dcf5f196ccfd617,1b49bd8407444b8155fc943866a0e645,4870,sao paulo,SP,,,,
c29253b809677d6b9de4371383f4da19,4b5c728e4fd50ebdfb7799ff5754eee0,4662,sao paulo,SP,,,,
55e0503dded8ecd07b56fd84bf06a342,747c1b1b035efbd0ccfc9e704382f6a1,22030,rio de janeiro,RJ,,,,
bc54fa7f1166c358a2053f680ebb2ac9,3e6af1676898a625a1b774da1532c4cc,98035,cruz alta,RS,,,,
5ffea9b2ecf7eb23b4db0b1c4f76765d,46bd6118d318823084331f26dcb0ae9c,73401,brasilia,DF,,,,
64189e336678007d8130fcd712d4a2b0,d5cd8c8a56c919f61c94c43f3557c1b6,18611,botucatu,SP,,,,
74454d0e51e0eeaaaa9b7b135469c420,89f85ff8f63aa9404d98a83cf96cd4e4,41750,salvador,BA,,,,
35a7bbd619604e6a5796498ff353983d,a5c565a59f333f0d8e37f2010a825538,8223,sao paulo,SP,,,,
fcad74a7e0dff27c33e36cbd78280bf9,1e57acebf9849b1d7af7c21c14c1b99f,71936,brasilia,DF,,,,
cea80f9af87104810bd7fa9698f69d29,aed98e376f0a3685776366a2ba55e4ee,75903,rio verde,GO,,,,
5c98ab90d6e953f282ff28ebc43a090e,a6b24ceddbf05b497a2dcdc301984aaf,20775,rio de janeiro,RJ,,,,
29fe805fdb52514ef2b8cd76491d1bba,ce6739893b38038e0a51a8c8654b1774,35500,divinopolis,MG,,,,
b1416ec5bad2d6fed050cd451470e76a,12886ac2b88df7aa159e84b19b58a414,55870,timbauba,PE,,,,
d26415dbe622ef8eaf44c3c6e92ce1a7,e59d98970fee89f123d04e23a357d371,22775,rio de janeiro,RJ,,,,
4bcf2ad7ccc061c13ff360aae5b7abcd,d56ded4569dd9821b2f83710a56afbde,4173,sao paulo,SP,,,,
f453853c7750dfea2b35f2a89382003e,f3591ae7686317e84ebbf646bedf3e24,2012,sao paulo,SP,,,,
d02cc92f5e33eb58d9ff4d5cce6ae901,a7b781410bcc8bbf3221f48ff45aae6d,8503,ferraz de vasconcelos,SP,,,,
fd8a9ce7e554b0a3b083521837d0f7c0,201b506ed6f89c9de7c4fbfeea94ab59,48120,pojuca,BA,,,,
a1aca6bcf003c08a08097758ff8cf96c,d1977d0dffcab41b61db477ceecc3746,30130,belo horizonte,MG,,,,
9899640961f5678c7fb0c46815ee6408,7738c1fd7e3b64b02ebac8389f1f3b54,6361,carapicuiba,SP,,,,
d74d3f409a5f2efa2445b8415108e184,ee4fd9b375c5273d66ef1b20efd63516,3818,sao paulo,SP,,,,
2ec93611c4a36c30917dcc0ba589d5d9,fd112c3dfc32899034375e5354cd4bb5,6341,carapicuiba,SP,,,,
eada5b345b1d846ca260ad12e8ec98cd,29bf728e7c1b9d7b19f9f617f56c5349,15110,guapiacu,SP,,,,
3c5aa62fbe268c0beee7bf98386b421a,8a64013cee18edf9edbc21b0dd9acec4,64260,piripiri,PI,,,,
b17fdd3ce7dab9006c20a275bbf7c804,16c4953da648eeb4821d66403ebcb632,57017,maceio,AL,,,,
fe43b2f349c9ab46883ce0e02491432c,4c4446c628c278bdd121aa0d5aaa147f,6463,barueri,SP,,,,
c75a1075cc4b47245da8ae972c8ac08e,51c0a2b83d6b0d4fabe39990e43140c2,32140,contagem,MG,,,,
3a8737f68201688c1513bf3fbdbcf631,467f2ac77aed108600b9ed0be16c990e,95940,arroio do meio,RS,,,,
2fddb001e84993ba7e785f11415bc5cb,3a969494dcd8d32f5f04ea21c3b7e471,97105,santa maria,RS,,,,
a09467d10848ae399caa6f3fb072c6cd,25511fcf533a8ec723b46f105394da12,8280,sao paulo,SP,,,,
fa16d4938e075cecd40c099fa81c6003,644ab70cbd55721a2c6e7b1d9253edb6,21810,rio de janeiro,RJ,,,,
a93aa8521621d68fc2a9bef496f701bb,f0afe1fc505bdee6c81d9fb27d31d64e,72125,brasilia,DF,,,,
6081c7acb40f63731b3c982857c79581,35ecdf6858edc6427223b64804cf028e,65075,sao luis,MA,,,,
c49df845f9640195cb98d104bd8e859d,966a694c2313fe31e910adc3369f9dd5,16207,birigui,SP,,,,
3eb456ae69430643eb134b74ccc4f261,9065112d8c6b59afef09c2fc67c5025e,20520,rio de janeiro,RJ,,,,
fc021f2dd664b49455528422c77b6aab,cbb7fc5fc1e854d9ee8f03c3eab82367,30220,belo horizonte,MG,,,,
630b8c2f4134e83812d827e8006caa85,f77be85d218371e1afd9685f7ae828b2,90030,porto alegre,RS,,,,
eab9c552374be06ed15923016dc9e588,2ada69d1c5528233e3d9aa3f1d8da1b1,38304,ituiutaba,MG,,,,
a29627c042ea26f7340db61ff04fbfc5,747f419f11717e7a52d1175315a2365b,5873,sao paulo,SP,,,,
45ba03e2c6bbb5dc48131ba32ec3ae5e,1148e7e1daf6d2378b814e90506e9d26,23016,rio de janeiro,RJ,,,,
57a5790d63d19ab68c8eb882a24cff8e,2dc7f51f05ba1b1a92608e45e55d1fe1,4728,sao paulo,SP,,,,
3b16d7fa7eb80db40124dc1748faae1c,89b158f7d9e3f348f6abe5234c83877b,80420,curitiba,PR,,,,
87fa03356ab0502083e0359921f4b780,381dfcb40faad1f227305b69e6535d34,11025,santos,SP,,,,
9583b047c90d4aa1c5c68b4065ba7f4e,1d74273c053909be057f50f65b48522f,6114,osasco,SP,,,,
ac950cebc3bfe72c92a3768b6e8d3856,ef6f8fd740ae1fe88a80a321306bac50,35490,entre rios de minas,MG,,,,
121e7c7ff597fcb5ad44189ffccafa70,6d00d37733cf5dcb758f7e1b35829411,36280,carandai,MG,,,,
e7acff27456fbf335dfae22a6bceba90,b81bc44c4da3f95ddfc71773b8e922b4,22011,rio de janeiro,RJ,,,,
c9d83efae10ff5d47b75d591e2bbbffe,b79ef39b80b9ed000478244ff8d40cef,13083,campinas,SP,,,,
d3d38825275e47847abef7e1936b3bcb,51d11e5abc725531b3a2fd56456885fa,3358,sao paulo,SP,,,,
5d6daccfa147ddbc4d54826f8645ca5c,aa584bf61054b3967bbc9e8c6f74159f,12515,guaratingueta,SP,,,,
765e479faa5efcbc58b804c84c62cb71,25c88b7eff936d6a6fed64142b760035,22450,rio de janeiro,RJ,,,,
9403d354eae44e50158601ecc4be7060,3cfbe790a05c2d302c768b447864d7a1,2266,sao paulo,SP,,,,
e7214f2cd8744c2d6d53e74e226ad9de,57aee1a8b40587831ca79a06bf0df5f7,32920,sao joaquim de bicas,MG,,,,
e55ddd4fde4608bc77a6494772b5bd3b,ab2ed50befdb3983c871c3aa3f542964,20511,rio de janeiro,RJ,,,,
141bdfe99910207edd84c00700397580,211391a801f7f19d9dcd7bbe813b2622,2410,sao paulo,SP,,,,
9bb70fa63970b9d88191a90481d551da,d2c6c89bd52a9b70417f90313b1ce4a3,87303,campo mourao,PR,,,,
450a869eb52446baa38f4beeecbc5843,013ef03e0f3f408dd9bf555e4edcdc0a,13092,campinas,SP,,,,
af36102025fd8041e660558de504dade,68140a5408cb8525a45eb47f4c2b3fdd,39960,jequitinhonha,MG,,,,
4098ded78e423489732762e2b21180b7,9c6380b646680dd3aa3af3f47799048c,13220,varzea paulista,SP,,,,
67ec7f982297cfb734824a3b3a7a56c0,d107b299f4c6328dba9f999f235dde3b,22250,rio de janeiro,RJ,,,,
ad8def83f5b550a3b6e13f1ca084a6df,27259fad9054fce994a70f1d117bc402,56470,jatoba,PE,,,,
6a899e55865de6549a58d2c6845e5604,3fb97204945ca0c01bcf3eee6031c5f1,15910,monte alto,SP,,,,
e7e0438494f6fd05d28210e8c6bd02a6,46b6b9207955de25a4c8ed1192bae572,90018,porto alegre,RS,,,,
d4eb9395c8c0431ee92fce09860c5a06,af861d436cfc08b2c2ddefd0ba074622,12952,atibaia,SP,,,,
c5452f24faa0b6d0febc5ec4ea9e3b13,55c30000d759e95fa8d94da28ecd3288,74215,goiania,GO,,,,
fb545b1c12acfe1a72c0e57c087f9029,bfd7552391183f548f9956f2069d64cc,1412,sao paulo,SP,,,,
2b01d668726fb0b751c55918c0437b7b,b2c72d1e9f6430603b8337d8f1394a99,11533,cubatao,SP,,,,
0dc409c0b2ee6af05d8caf7a5676a672,20fa186ec94238951063b182b6cebe92,76889,cacaulandia,RO,,,,
5fbf764940fb75727525f6af71eef49d,6e3fb31caa2b7dc1177aea46a7483f9b,1508,sao paulo,SP,,,,
a4856ab766d5bbc379fd5c770def82e5,53b6b5d65fbd2f3375bd4ae0b72f4023,24230,niteroi,RJ,,,,
7ab6bf8e79e131fb7052921a49aabb2c,1640860d11922b30e57f8f8a38820c86,32241,contagem,MG,,,,
bcf130ec4f60035b99625fd5c5fc88ed,eebbe9b9abd6cdfe83e65a48adb338a4,11380,sao vicente,SP,,,,
bee393f2250bb90bd7431d95b7172566,727d4e7674081d534e8d6b4630510e75,9852,sao bernardo do campo,SP,,,,
110da78c3da35776c00e4ddee0646997,e404115ff39e5242084948aa3e824953,7032,guarulhos,SP,,,,
bc6123686b421b9084028c34499824c4,52bbe472f9c44fac7a108b9b3d70faf4,1155,sao paulo,SP,,,,
ffca23943c4b620ea24812018373fa3f,e2421eb09087faf4f51661d176aee08d,45810,porto seguro,BA,,,,
bb194a93468bc295f8e1ff7186a131f4,036758198b848af7b0e0211d9323a081,30170,belo horizonte,MG,,,,
29880b59222c463f415962d277f449df,4559f926bbedad3e79b1bce8ace698c7,13152,cosmopolis,SP,,,,
47f6898621126fa91eda967684efadbb,9982778ea04c8e76b329575deb442364,87045,maringa,PR,,,,
24cb3cfbb2834d6ec16baeef3933d55b,e0a32719d497e50ca4d214adb2940134,96180,camaqua,RS,,,,
d63e92aea6fb367972e3cc4f232a1976,fca073b957482b8bb92de22e5e9c80d6,80020,curitiba,PR,,,,
5c52e49d63df1645b3e2340ea8c29a9a,fa8e440a537cc22d1138a0f10abea51a,36050,juiz de fora,MG,,,,
6cb82041991c34e22c481ba240faeffc,bc56b256243f67b07c7d5a62faf968d9,22753,rio de janeiro,RJ,,,,
acda4e3bd86587774d6a17b8e8d7e47b,41fb4efcf6fc7f18a4c273be7d1b5d07,2738,sao paulo,SP,,,,
9318f7b29e978d7964af2bea8aecf18b,0f687670823f779b76513fc03d33aab2,9195,santo andre,SP,,,,
5fabfab95333c3c3641f4cd20f86a56e,07e49dd22f4f6af000d9a912d0e822c3,84570,mallet,PR,,,,
b960facb09e55b91fd14efb587eb5bb3,4a5d1c7991061fc4025e6444e0676265,1229,sao paulo,SP,,,,
df6e8e7769e4a072c31ca99bf69fab12,270b3b73305179f848bbc74e576f2808,19801,assis,SP,,,,
808cfcd5c83849bfb0c7bf25edd97b2b,646c703dd1be852b9cee57b21b4a5a6c,39404,montes claros,MG,,,,
669fa2dbff38c196161e330c91842143,20225309debb0a9e1031b180d6133758,86020,londrina,PR,,,,
a885447168d5878bb08f442a38284741,ff2ac5ec37484dd6da5b68adbf162bc5,22780,rio de janeiro,RJ,,,,
9ac1fd75f48d0f50af8400cd461495cb,6e766da2653f726764bc9879a3512931,9350,maua,SP,,,,
cc4e2f483459498c9ce82a70ff415752,d3391cadc57741a0defe8a569e476813,27930,macae,RJ,,,,
a1f63365b87dc9cebf0baa24bc8c6b7e,03c60bf27e8bb42bf015e8fd99b832cc,15811,catanduva,SP,,,,
dc573d2a61a467e5e2826c1729691859,f81c042ed0162a51b90372c233b4fbad,25240,duque de caxias,RJ,,,,
32e2e6ab09e778d99bf2e0ecd4898718,635d9ac1680f03288e72ada3a1035803,16700,guararapes,SP,,,,
059571e02973e94b854b30987635dcb1,d5e4bc3ab51abd788eaf77fce19a12d3,14403,franca,SP,,,,
e4d417e5628f278edd59031ac99c168a,ec7d40c66edb9281d1d9d58d6a974fac,77825,araguaina,TO,,,,
d7165639dc4a682258711343560a17d3,eac51d2355307babc49fe52bc8b7d336,35700,sete lagoas,MG,,,,
2e8a717f1328396791b375f2d401def0,4d5e71a85161c235a376406c237f96aa,60410,fortaleza,CE,,,,
6b635dc10f8b7e1032cc13ff619f52c9,76b656dd5912b7792c709003c19c6d32,85935,assis chateaubriand,PR,,,,
19e9dac43eee8df98092482fdce676da,2fbe21ee78c83f908ed47ba9f4a74121,13203,jundiai,SP,,,,
4df9c5a352d450a4788786688945e0a1,7477d99318e991ae0d54b57c95d0a4a6,38415,uberlandia,MG,,,,
48a01175afae9a275b3b57ccd21da366,08de67bdeb6f90e74f025279510dbca2,8557,poa,SP,,,,
a9c38ba869a0a0db70cde7e473a848bf,e82abf2ce2e1afa26bf47670df5a04b5,33860,ribeirao das neves,MG,,,,
83fc79bfef5a8fb84c5d77f3748e0064,eede3c924dcfa1c4340e70b50010be26,22795,rio de janeiro,RJ,,,,
26c6e0c2d9f2ea36acb63a8af98f7a9a,02f3cc68f02f665daf830cbde5fbe0f8,82510,curitiba,PR,,,,
6cd14b229f3969efc4e799d5a58af63c,74d3316a8a3535f05feed75b4df15e7a,21670,rio de janeiro,RJ,,,,
21307401801cf2242315563c89d8b9fb,bfe8411cb6fed718c3879fac9847f23f,3375,sao paulo,SP,,,,
db14d5544e26caec33796e6d85486585,e26281cbbbba524e191f8fdb2e17d467,88113,sao jose,SC,,,,
a9d2550cb10dd002881bd53c1e65b8e6,ac0a213aef20d66edc12ccfba262c163,16402,lins,SP,,,,
477d0086341df0308127cef59628e7be,19fe66d478bfedfdcc743014d562b777,12820,areias,SP,,,,
65d964c098f8db89e1a8a07af1e96d21,3080d6a96ac54f2b88adcfaa49de7ff9,12721,cruzeiro,SP,,,,
af9e6b10595811f8cfa732c179697ac4,b51a80d6d26f9746763c4e3146b81156,9715,sao bernardo do campo,SP,,,,
23bfd4316e261786deed5a08231c75bc,1df0a296f852bdf1a17b085730f4b894,11431,guaruja,SP,,,,
bc4e77d40d57aaca04d0c5a52d452ccd,a8b827ac68c632280e86ecfa633b7d8b,13225,varzea paulista,SP,,,,
9e2690a7ad4a0fd8bbf0a5b355d5e6ea,aaeafdd832692cf3b77f4eeded665088,47600,bom jesus da lapa,BA,,,,
d61274989a1013559fec1e4a020eeb0c,9c5da89da1bac2267120ffb461ec86b9,2936,sao paulo,SP,,,,
9658c223ca600a39c7c52d7087d0a598,1650459e18e792163dca4edab647caad,3982,sao paulo,SP,,,,
9fa56e6eb804eb7f8c2d80a133c84546,f80c7e4cf2fa8ff3532323f19bf603ba,4815,sao paulo,SP,,,,
3e0d489d05ca15801e274f39adb8d213,9451854d3727357cf0506f99e4a41661,11089,santos,SP,,,,
0c34c39c897304ff49eeade3059c4c60,095ffc730d9d2da2f12a0bec18722aae,5711,sao paulo,SP,,,,
24b77bdd27f5e6aea7149886b72286ec,448f663622338f4cb25c75f16aa9ef95,6122,osasco,SP,,,,
7fbb5f4108715c74461dfab031ea62bc,da2dc2675284f44b338e8d37fcd553a6,57085,maceio,AL,,,,
bd13ebe5d7f8f2923430da33ffcf40ec,3238c58997e72431e9e011b0cf7a8749,12403,pindamonhangaba,SP,,,,
1441fb0aa631b791bcb461e549d7b7ce,ed70ee444e63fcf427bb3601d89b4057,24422,sao goncalo,RJ,,,,
ba0ff1667f88b3a0da55d80dff50b0fb,68ca4469a590f62a686d835f07f91f67,28611,nova friburgo,RJ,,,,
6bf7cea1d53d6e27e5debdb2d5049ff6,86d8261e5b348801fec7bf7ed0726e39,15053,sao jose do rio preto,SP,,,,
7ccd57bc5c4e0f34fcbc9209b2d4bdfa,71d5e9bcbe05f2adfa08c33a109c12e0,13290,louveira,SP,,,,
ac81fb6a1f089d191d0a0337ea2bfad0,15c35e5906c9714b6a7f05bf450274b6,6814,embu das artes,SP,,,,
958b47e797d9db0979238d3b7fc08b9b,ab1396beb942dfd3e0f7ac83938bbbd1,58600,santa luzia,PB,,,,
accb4b4ad075d07a833eacca116071c7,f139f07dd192b4c3a1b21082a9c632a2,36900,manhuacu,MG,,,,
9732d83dd0a2e6aa4a1ff900eca36c81,78774ba79d649db8da39ea74e4aff736,32280,contagem,MG,,,,
2e45292979b9b2700ea09560eeb0f803,bb8a37225e0279ac8a274c9765617eaf,74663,goiania,GO,,,,
df5942d345b799c2e2819e9ddb4fb0c0,19924214ce9d3f304844f9fb8d68bf40,22783,rio de janeiro,RJ,,,,
5f903b2d6b866fe2698c86e8dd4628c1,4a2d9ad51edec61456cdcce3daefaeda,12630,cachoeira paulista,SP,,,,
54ae421973032c25067cdf03e04be610,556d22748660d6974834bf3b8a38ebc0,29167,serra,ES,,,,
82a6cf90eef165080973fec6d6dc8910,0280239e6c4add91b8a415d9b2566649,13733,mococa,SP,,,,
427193866d6c04a3fb307afdc2731b6e,a6f83c597e714375c62c75d9f6e674b0,88050,florianopolis,SC,,,,
3f0ce4e8579d852bd56ab8bbe66f1870,6ac4c2b8476a9b14dc824e2cda804dfc,27937,macae,RJ,,,,
4d82e79f5404e8c3f059ab099fbe5dda,dd8c09f1b309c9ffc302c745550a9ff3,21321,rio de janeiro,RJ,,,,
ecc61d0a88c7d1634a8e592121e14e8f,81dec91887837a1b173e18c46f199c88,36400,conselheiro lafaiete,MG,,,,
e8cf85adfbc68653c831f02159ec04c3,1bb24948a31a2ee3e71f6be59e0dc971,12412,pindamonhangaba,SP,,,,
9f72cabf8e5ebc5743665846b05617a5,cef52ebf681cedda55ba6ee34e288255,15300,general salgado,SP,,,,
f0bc088c671f31458f73cc1a6a347842,0a0c4bf0b7fcb55a0d43abff1ea4569f,3150,sao paulo,SP,,,,
fc217359526d7fceb4f1b3b7756dcd56,508a6e712f9de578cd0f8314f9e19a79,7056,guarulhos,SP,,,,
2430ad4b1b6efb56cf3050b5d3cf5e54,fa78b26c2fa23b2ebda98c2926305c1d,61979,amanari,CE,,,,
d588273738545bc6a0d30971bf72e938,e883ca09ca9171b6a644ddb4a970ad27,70673,brasilia,DF,,,,
bd5367862812e14c7400da5cd1e1b135,c81989ee0fd7cd1cfb866a27f8b796b1,88330,balneario camboriu,SC,,,,
c6bf16f05f0fdc4603d841d215a13edb,b417f7ff34522cd0554a00818d67afa8,30411,belo horizonte,MG,,,,
ace4c0c7241fb02b72bb8d019b738693,e1465d5a238178407248585f8b3b9491,1009,sao paulo,SP,,,,
e7538f59822c6f1ce51b24280709bace,ccfc0157698d4d0931d497d56547301f,4305,sao paulo,SP,,,,
e3495901f796d61ae2604a9784306f61,88e0eef78a2c8acebf5e23425588e21d,13871,sao joao da boa vista,SP,,,,
430ae219c180fc664c3981c91fd7f70e,fa32d50b314a61d8fbff672e57e53519,92500,guaiba,RS,,,,
3c420d15857f754a4d41196173c9f412,b8d541667dc3a5f7532d50b707baabb6,79004,campo grande,MS,,,,
75fd1fb0bb511fc71ac2b2649c02b21b,2e875ea57961ad115cec13fef0920ae6,91910,porto alegre,RS,,,,
f146be55cefde6a5c21dd2c13d699bc8,083004073bdf5fe2545d485d9654bda5,38360,capinopolis,MG,,,,
2dfbf74859104caf100df3720a1d833d,2193383c470dc9cec894ce78afd0ebd6,86870,ivaipora,PR,,,,
ae06f7ef9cae527f248b5401c5663265,898106ec3d6efd802c031b7e7bbcc1fb,27310,barra mansa,RJ,,,,
8a0d726f209fe6181dfe3d5a64d75450,8731fd24284bf78bc042cb8ef0189df0,88330,balneario camboriu,SC,,,,
5c94f28f54aa13e14aaf67039511f318,55b66f38e36f20986ecd81eb16d5dad4,5634,sao paulo,SP,,,,
64a495213f59f3050ccd2ed250d88dde,0cc2ee1112a11a1094eff52fa2e87150,64006,teresina,PI,,,,
e17b2b66a87062574242f1b20ab8b2a1,b51d73d8179d999b81550d846940a720,27350,barra mansa,RJ,,,,
cee3e95e0b9944bf7c7c6881c286564b,0357aaa4d93f1704a3970255a474eeee,12513,guaratingueta,SP,,,,
c664dc5de5b5f4184bc4ca0285b9f8fe,9a5b186787a143669398bd8083720c21,78550,sinop,MT,,,,
90de167c37925320a60cc9f4cc750117,1946044620cb72ca4f9c439a67bd92f2,13186,hortolandia,SP,,,,
ca9a6ae226341827c9614ce7568db46c,15b521471c36ed411359347ff8257b79,3080,sao paulo,SP,,,,
3cc3c3ea6a8bb392816f4c4bdf12c5a5,d754dd2be3a03a3306351df92361429b,18090,sorocaba,SP,,,,
5ecc5bb2b96483a913b2d138e56aa1df,d6caf670c8bf91aed723f242cafb71c8,29305,cachoeiro de itapemirim,ES,,,,
2b6cb6a4852a866c3b71dcbc7c5a2fce,c01bed915357c68393943dd8b7a51655,72318,brasilia,DF,,,,
dd697a2e78207fa7b19293cccfb33729,2ac11480d9e3178481cefa0eb320be92,6810,embu das artes,SP,,,,
5e98d1f8f0534c460557d71961a7f10a,34dd888b565982c76c7a9ee9dc41db4e,75120,anapolis,GO,,,,
fd2f069f330e8205fb45a29fb37ec0ee,344cf133c2248f9601dc410b0dc15322,3322,sao paulo,SP,,,,
590db569569a4a1b3074694f522309fc,d7538b573179d0bc4ca666c03cc12d55,73015,brasilia,DF,,,,
b6fbaad4eb3a0794111683dca8122610,839ec7c231c579ed10ddab6610f8f12b,2111,sao paulo,SP,,,,
03ed7b1b35f2e55b0f4d0b9e4e07b0c3,d0cceb06b81f83e06c5cb63c3f9cb8d3,70658,brasilia,DF,,,,
3c90bb0fba16e889f898e2da1df5fb32,95206211b1daa20267e50fdd46555802,78643,querencia,MT,,,,
8c66482ec333eae596c93a9131981a9a,f26b89209f5378f95d8e664073b76419,5542,sao paulo,SP,,,,
7470a1ddb5f78a811fbef15b2556781b,5d2db05a565eda438cf5069b7be6b1bb,35400,ouro preto,MG,,,,
54f0f481cc9257023435b76aa5e647db,89ec7229219bb8b0c1d0da3b74977e23,94110,gravatai,RS,,,,
746b43bea6d9eb220867694bfe4b800d,f3719a64d17b893e959fbf553021d3b3,6709,cotia,SP,,,,
a60b063f8b715db294b889eae5acb4b6,dd12487859031219d411baa6f6ac20f5,3908,sao paulo,SP,,,,
ccff27cfcda46bdff5e51b6e6711a85c,8004f80e361a5ee23aadb7418a685fc2,12233,sao jose dos campos,SP,,,,
4b2ef9e978a3fb2cf7ea6ca5f7792dd9,b48c5a138371da90badcbc94338b2afa,45615,buerarema,BA,,,,
86ade8ebc14f18dd6c3ea75bd0eb7534,1a6cbc34ea404cb0af7ed74df0999354,27213,volta redonda,RJ,,,,
d5e5a632fc74499ef08cc40be28c8202,929cca0da005b90ff84064609a25b805,56190,terra nova,PE,,,,
6a3b2fc9f270df258605e22bef19fd88,3588484a539617d91500764822230fb6,18900,santa cruz do rio pardo,SP,,,,
f396261ffae591f9905c76e28c3ac59b,42d60475f8cf01c632ca7a63f9c5ffee,83535,campo magro,PR,,,,
fe9cb076acaffbee858187352e2f7266,15cdca72d93fc92eab25e4484f9fcb88,4718,sao paulo,SP,,,,
ae55e228ded796581eccc67045516023,b0efd7adeb04d15b16edaedd11215d40,2712,sao paulo,SP,,,,
ac7787b04da7c05fe6037343bd8bf577,04b6b856b16a682a6906b6ff778f7479,94852,alvorada,RS,,,,
b9b38aee92229fb6ba88fbec878f1743,79ad2ad9d71899f7cf8b622f0575760f,96450,dom pedrito,RS,,,,
baa4ed05f22ffb6c4a41b71b699a492c,d4c784ecad19dfe09e63ffaf9ada82a3,36050,juiz de fora,MG,,,,
48d85e07af2e0cf0dac271b518829138,917b380ce5d462b47faacf6f323267b1,30855,belo horizonte,MG,,,,
7ddb7e4242fcc518842aade22f5bee4d,49e67d53accc3f7540aa695b147e8b05,4547,sao paulo,SP,,,,
c4dda7f2ec051e0b838519a511d05cc5,2f44b1531bcc638088bea8fa3415bb2b,9572,sao caetano do sul,SP,,,,
a72282d3fc20f2e29b2659372f3aa616,814ceb72855a60059e5065f45a1eb320,32241,contagem,MG,,,,
4e2a379354e75a4545a46fe69949844f,7089338086f563475ee59d1a0cd64ebc,90610,porto alegre,RS,,,,
f1af79ed0c452b79fec6a0217f60a6da,634348bbcede56e5731bfb277a34ca80,5642,sao paulo,SP,,,,
3441b9aa98014569ee95cbff82a03abb,b218733357b8317b5738bf9fe3c77b07,6449,barueri,SP,,,,
23ff057c563ba09553c1a7d37520a43a,def9333965180d167dedac744dcde41f,48110,catu,BA,,,,
c2b5591d50732618e8245b7c01bda8cd,083b54b120f24dd1d5ecb1c11322d043,4775,sao paulo,SP,,,,
35b6010ad8b185e27365ae8366cbb76d,e31b80f478df67bee358c8d799deeef7,71805,brasilia,DF,,,,
3ce436f183e68e07877b285a838db11a,871766c5855e863f6eccc05f988b23cb,28013,campos dos goytacazes,RJ,,,,
ff70b0c5553479bb9130858713a7e05b,cd02ea87f23fff05145d05e4275270e1,92320,canoas,RS,,,,
f66684cd226d7d5cbbc43491ac08390a,f724ca9c02bd1befd3b12acce13f45fa,21750,rio de janeiro,RJ,,,,
1b0555269127c13e727a1f3cb545faf2,29939d49096b68defc67b5d5a24cfb6a,81830,curitiba,PR,,,,
bbaeaf6810cf76b8fd38e746520c7d3f,e961aba0dbef8eec5dd1e8e43a20fcf9,3581,sao paulo,SP,,,,
8c89a09d8fb33b6e5dc8a769d6b2bd63,148a35e3469010c9753897362d1eb8d0,8550,poa,SP,,,,
c6905c5022f61e99e31ded5f939e702b,743ed6ce1c5998dc0eb766e38cfc7461,13770,caconde,SP,,,,
ace839d3162a61fdbd51b08fc3e60a39,ff5017601705e932d5545e0eb337cd0b,8674,suzano,SP,,,,
2826dbfaa1d90ea2b97c93c35fc4cd92,5d5fe6ce70b1d9f2163eca85df9e6f85,78043,cuiaba,MT,,,,
f40f31f8bfcc5f74d9d246354b90af09,8e62db6f625288ad4792855f994abefd,31050,belo horizonte,MG,,,,
1eeffe21744883fbf61fbf138dbb8eee,eb859d4b5ab54b643d2c0cedaca0c9fb,5713,sao paulo,SP,,,,
1b606aeedafbe92f4c55f4fcad9dbcb4,5c17cd275f9dc9a507ec06869723e0dc,60355,fortaleza,CE,,,,
17ec3674dce86b3240e0a333cc51112e,af97d12238b4f8b2fdd11edeaa843655,13330,indaiatuba,SP,,,,
6460086b02eadee2bb54c83af13698b0,051be26c01eaee2404f19132b80da15f,26272,nova iguacu,RJ,,,,
7496d369c45e3249794df2d9b132a3e3,7fa12ff85543277b8842b68a31eca5c2,15061,sao jose do rio preto,SP,,,,
d4af02c83608285f0bd9ff891130c980,54e2cf457ebccf1c8b95760afa7c44ad,30350,belo horizonte,MG,,,,
a43434ddd74de3fb686800674a4f1af6,382f218d24aace0e7a0bbfb045399cf9,37795,andradas,MG,,,,
10e63f80462d8c370b091205b8f6d005,165da6d1832da52e2e9de79d562975b1,46400,caetite,BA,,,,
1477ef68b5dbf1417fead5a9814cf047,4c05f8d6dade0512d22f8894e2b6b2a9,5414,sao paulo,SP,,,,
7f6a163f7d28e407e5eaa735bf7014c5,3e13e5843eacac8a8ec14b42e8a7174c,70767,brasilia,DF,,,,
344bcdb5be77a9718607ba86ca48f765,546b0c5f60edd7e076dac9b1c637952f,30860,belo horizonte,MG,,,,
023d1d56f9187c91230a4e8b50ab6fb3,d87cc9520e3fd47ef88f7098e51afe8a,45051,vitoria da conquista,BA,,,,
a1a6d4f18deef15fee3ad4b6f36a7ce0,1c83b776b851b057dcc32bb2fa5edbdd,9401,ribeirao pires,SP,,,,
c181ea8a3ec364246642e36dae84bf30,51d121ddc025c1b70f8f62a1b727aecf,76870,ariquemes,RO,,,,
6d1e32657aaa25b6910098474e699e9a,52abba659c0a219f8de7076dc33e0e83,6414,barueri,SP,,,,
457e255722e958032b50ff72dd15a4e0,dc87b4f4f0af2ecaa16efb92ca1d34fb,41770,salvador,BA,,,,
e30bdf332b6c38f5f22d50dec12282cb,54f3fab90f8879fc698930fb6de60758,65058,sao luis,MA,,,,
53997caa650ff808a586d343b0789fd1,4ca8854dd8e7df762fdaa3141840c47a,6080,osasco,SP,,,,
69a24d8e0de91f88acc612cb7d70dc1b,466a171e9af288fa7c8d2e5d90c7f672,14870,jaboticabal,SP,,,,
a884bd002c145c1aa0b57429e7ebbf2b,b2bedaad455ab6e463c912cca3e0ca8d,21211,rio de janeiro,RJ,,,,
54686c41e86854e35879efbd1c2cab1b,af11903c9def1d99643292e8d695b212,86185,cambe,PR,,,,
26355ea90aab63ebf5e90caa825a943d,f765c27dd5ad5be41dd370e1ee4657b4,90460,porto alegre,RS,,,,
ddd97c5c66119bd2fe33f8709f77ab7b,c9fb70924f052a5ca6c30588acd6e87b,94910,cachoeirinha,RS,,,,
e27201cb2a28267142162d8a9d0585bd,68d1040bf3b992cfabd1dded3b8bec39,60165,fortaleza,CE,,,,
92422ec9b02504c4d12eecce874990bf,26ffd81154d2a5dbe5cae3dce93289bd,9030,santo andre,SP,,,,
5ab56cf5cc9c12dca123f986599f88e8,f18411d7b672c537a95a716f13fc0b17,4104,sao paulo,SP,,,,
3f62271cc144183c56e7db438c8cba08,56e1345d266f31c440bb8c809fcadd02,24711,sao goncalo,RJ,,,,
d987da9fb4086ab7c2c0f83963cd6722,870a0bdc769f9a7870309036740e79ea,2929,sao paulo,SP,,,,
55e24d33ade77f949c22b6e008801c15,71d99240b28b20f7b0d9046d9ff6cbe6,2378,sao paulo,SP,,,,
0ef08c64c1b6a57d81ced188dd485805,54459c8dcc6b3c1e10e8a06652bad423,29152,cariacica,ES,,,,
ab53dab22635ae74adb0baa0689afcc0,a6d070c5bb1625afedbac4c019de0176,5783,sao paulo,SP,,,,
f098b709bc90c53838898e66da197e4a,27dee3bb3d5d400ddea5b3cad3b11425,99470,nao-me-toque,RS,,,,
37dafcdee86df7843f93d4b4d5325dde,282586b515f07460bafc6bd7eae5359b,4306,sao paulo,SP,,,,
3570b59a7408f4a3aaa95d2c0485f243,dbdb8cb37ab46bc6abd4b6cb246260ea,81820,curitiba,PR,,,,
ed19fa6ce948d52be769926c2baaa17c,0124721bc33e0aa6772b42d4ccfd01db,38710,major porto,MG,,,,
7a24e4852c5145e3def732c1bf6da68f,06e1d389f74c352f6e4e4c0436e1ffcb,27700,vassouras,RJ,,,,
f016a9301ce9a894a43e607fc0355014,ba0a20e238448e2ae8bedaf7a8e04393,89400,porto uniao,SC,,,,
bd1b4c23a6f9365b44d99b2c7905cea2,cc1166c2411979ef1709678719e5d771,13188,hortolandia,SP,,,,
36d63113a38882f3f464f8eaa96c4b1c,1f90117a847636892e3c5bf569f2ac68,88780,imbituba,SC,,,,
6ed04295dca042b17dc984a992352343,d49f11b7331d59d197d96d0660b51bef,13457,santa barbara d'oeste,SP,,,,
e067722fcbc90ea29be6932c863fea87,fad38f61bf94f5c7e3509e5fc4c7eb6d,12950,atibaia,SP,,,,
1b7c152aba1c7478309329cfec0bb5d1,b3c1bc5b24affd7cfb96752860b44640,69044,manaus,AM,,,,
bcda63215770504537bdb7ae298568f6,a4268f1c2bea89056a164ebd106e72c9,70712,brasilia,DF,,,,
081a2d41949e652a50988fd39febb4a8,d462d9e30ff3df8b64ade2aac3cafc7a,4963,sao paulo,SP,,,,
8eafffbc006c6986450ed2a5e6f519c5,b5b46581465f851df3529a30d2503f59,28470,santo antonio de padua,RJ,,,,
2e068340b3037f667ce3224bd59260af,48d4bf53229ec530405b4e461ae6adb0,2938,sao paulo,SP,,,,
5f34e2c2466a63ed9257b5925326292a,ecc1b0d1303c84f281e83bb36b477c2c,13213,jundiai,SP,,,,
6721f296aee89a6caef0bf53c7547103,68eb9953a8ab7328ef60c98bbd84bc5c,18071,sorocaba,SP,,,,
f36f2bd8be3b6c261d6390939cb24620,4f0f7bcd320ea05f9af566b80f092095,38061,uberaba,MG,,,,
e3626ed5d1f2e3a02d692ec948b25eeb,b9badb100ff8ecc16a403111209e3a06,88025,florianopolis,SC,,,,
fb6730884fc4466765ef8619cfe90ced,86c7815d3793c770f05377f877736e95,4829,sao paulo,SP,,,,
327679cc34d41d4c48ee5e55246aa6d6,250b38e3586d512ece3671470c5d5f6d,20040,rio de janeiro,RJ,,,,
892522b67acfcb855f3feba4cff78050,4093226671a7fef20920692b9093c6c6,8420,sao paulo,SP,,,,
2c8b917c5d7dd720ebe36a5ed3b501ec,33febb33a42a35f5826a22584b127f9d,45860,canavieiras,BA,,,,
8ada7e4f6ce429a858423a217c7225a0,31e6423a5f322dddb4e9ac4092e92066,74565,goiania,GO,,,,
d7985e6fd1cd00201093d271a93f3985,bfbad637ec59b54146a553e6ef427ea4,20270,rio de janeiro,RJ,,,,
59eeac10ee17b2c144822b5ea1fd1fd1,5851d782ea212aea2a6baa3b6a90d5dc,16900,andradina,SP,,,,
0f3a6d2c22bbdb61d02eb98f4a1e0dfb,c5cc879614b6acdf5b62db3edd062e81,22710,rio de janeiro,RJ,,,,
d5161150c2e2a177eb4d49c4e2ab7990,a74cca5b53aa3fb9a6841f847033dcc1,30150,belo horizonte,MG,,,,
5441451c5c5d190466e7afbf2adc1c19,6392c99966ef399db8781a316f271d80,7270,guarulhos,SP,,,,
66b8528f2144c6cf919795323c4d43fb,2ecb0fc377050ca3b001d3a199e951ec,2809,sao paulo,SP,,,,
8582a3cb2e9951c3ddc27ca072a259fc,c4e7087fdaff6d26a9b72b4de5ffa937,1134,sao paulo,SP,,,,
8e44b5b5a76df9682b27d50f5e98ca3b,78e46b5d6e91b962494b1a841f720075,83900,sao mateus do sul,PR,,,,
55ae57a8afd95ff914731cd2ff9bccab,4860841dce3abd17be7022064cfa15a3,23545,rio de janeiro,RJ,,,,
70bed66339acf5dfede1a7dce682a6c4,b199c14d92a878257669851b87779293,22723,rio de janeiro,RJ,,,,
24436139c80a4ae51c0e3a98469ed7d4,b2c2e2635aded82494c5be5843664b74,3690,sao paulo,SP,,,,
08ebd000e60012404de32cacee764799,0417c5c4535764e979a11b19edfef588,38701,patos de minas,MG,,,,
8148b073080f653d3a86ef8fc3dd6b43,2ecb8546a5c0ea3c74dfa8b77a321370,4763,sao paulo,SP,,,,
e8a101d3de305ff620d4febe10137fd0,f93b9c409efa7e30bf05a7b528197400,14110,bonfim paulista,SP,,,,
2b7ad3fc92af63027a7748b084f9b439,d2787622df9fd933c164f7cf696a4e2a,77405,gurupi,TO,,,,
35df3e8a58fe7d040ed21c7d521f8711,f25c64d74c6188c7fb8d3c58d83c6a85,19880,candido mota,SP,,,,
06cf02bf583b05fd91bc8eec0f1b4c3f,6bcc1cd0c7f8bffa6f67a6a1fbef5782,1255,sao paulo,SP,,,,
3ba02060e681d361d603d5f7ef0a730b,dc5aa19797b8fb7a4929ad109fb25553,48475,itapicuru,BA,,,,
e5c49220ea97eddff8b1fbb594913a43,539a46fd0fe17b457ea27dacf709c406,20521,rio de janeiro,RJ,,,,
8048f231121e6b83e7042a1d02021b13,a13864ff18b06e8853bfd9d2525ae3b6,29900,linhares,ES,,,,
5508ab552ed2d4da9d21e777849034d0,9afc29b951c1e0fae7d91fb3192d655d,97503,uruguaiana,RS,,,,
99e2b41b1cc2e2779110f22a874e0416,5edb5e94dde197f8fd914eec2975b891,6543,santana de parnaiba,SP,,,,
51e4740dd528fe393562380ba49e41ec,483bc92f963bbc90c3006e11f9ac552a,7794,cajamar,SP,,,,
9391729f79cd9e5fd7ca884ca030f579,05a3b50193563913613acada5c86b1d2,18710,arandu,SP,,,,
df578de48490fad348557aca8514d6be,87efb3bc38dea0dc5625e73a053724bc,1035,sao paulo,SP,,,,
68fda186cf0d78b846df318aeb4e85a0,65b78b47b97a28bbbc084c0167718a3a,13142,paulinia,SP,,,,
5bbefc8139328a291147ac389f226052,ec4d3f58a02a9b6a80fdf59418416b5f,13501,rio claro,SP,,,,
8e78dbe65183a6e99960e0ce46b373ae,8a7d35e7b3f0a4377e1c75bfe379ac6e,77750,couto de magalhaes,TO,,,,
7887f43daaa91055f85b6dd23cccdfcb,1e5dec3847fa11b24069995161a7b95e,36770,cataguases,MG,,,,
d73144ccd5680a3ed460ed34939c036e,d53adc63203c98ec017241bb7571b429,54767,camaragibe,PE,,,,
956b98e4d6642bc3c6ceccea5aa488a9,95abd88649da5a5d03837dc62e6b2091,33400,lagoa santa,MG,,,,
66f800bfc254bf9cec8041dd1896fcb7,77d8e34ae93d396ecba7a3b230180620,12401,pindamonhangaba,SP,,,,
ea1991a3341d703b3b5c4c97790b8b2b,6c893cb84f2fdb0afd6fc87eb5c054c8,6420,barueri,SP,,,,
ca46dc49c3ab226c9a46d8a55be0f0f9,6c85f456bb81ba219f67b16c1e9f5bcb,11025,santos,SP,,,,
0e17f21d1c39581137b6cbc8d14bea37,e2340cef700ec4ec7e6a338976b1dc13,21931,rio de janeiro,RJ,,,,
ca8e595c4c2e4a55fa75a41d5bf08382,8c108bbb0e50260292b20cc76a647aaf,13484,limeira,SP,,,,
c865d1d500bae6adb604c4a55a31525a,bc63c4173e1894a960b5e018ad16eeae,4342,sao paulo,SP,,,,
c2b33cff8fe4c4d8eb300547e5e5208e,98d609d0160c8510c762a70ca0ed4c8e,18550,boituva,SP,,,,
2cf869dd40c98f29686f636d83545cce,eb2568a7ba9b2ca9bf1f818a8dea82ce,12530,cunha,SP,,,,
299735fa1daa3e83ee1048309d22f9da,cf24fc26d6007e7a24eb804c9ef6a0de,35058,governador valadares,MG,,,,
14f41b6464ff102ab009a269052e7a11,b1079e3544bf2cf3786e52f5f0220738,13080,campinas,SP,,,,
4797fb67b3991c9513486658f6d694fd,8215ca540d5abcc9e3564f69e898769f,16403,lins,SP,,,,
30c93f8296b9a02c0eec5de60b94f98c,16156a86625a02a82bf1cd39de12a4ea,69043,manaus,AM,,,,
828c30ae3a51aea1d168e88e6e735bf7,4788cfa765d9650f25d192b5d88b8613,14020,ribeirao preto,SP,,,,
8ef0a1cf31ce44185f0ee98fd976ef70,bea868f2d5335db6ea59f0028ca47515,32604,betim,MG,,,,
62b59a64eb786a96516229b7f3612c72,921fa6982e780da7d9e0bb6ca11b380c,93010,sao leopoldo,RS,,,,
687223424c00a708c168301ebb8d16ef,83e1722d7fa45e1393a1226cd68c46b1,87501,umuarama,PR,,,,
a17846ed33d62b0e48c6f07ce9132318,43eb0e993502bd4cbd3400a492a5444d,37600,cambui,MG,,,,
3341e65ccc3a083fcc8775020854154f,d181089fdc7cd010c9e402ccedb4c48c,17280,pederneiras,SP,,,,
a780c20430b67279f7a0b43cf94b1738,8a44fe7a0a9fa910c26bdf99933e36aa,3209,sao paulo,SP,,,,
83b22908078c379ad87b33bd9034ebc2,d58b4f7e679c57d0c5d0f7b8cf3e5722,3512,sao paulo,SP,,,,
fd458d0e1786001b290de9b01dc9fa9c,b553fe14a56ef1176c1ab86fbaefa2df,32310,contagem,MG,,,,
7c91fa46908712a478a20deaf86252bf,dd7a6c4682e8eaa62b1a7d9d1abae7e7,87930,querencia do norte,PR,,,,
03a7750fc7a7bfbd7a84b2f4f26b92f1,ae7e471f70f6fb521a3dc8770cefa369,83430,campina grande do sul,PR,,,,
7b2dc93ae14fdd68c575ca579d937b71,cd0e81bb667bef6d632fa5a71a076e74,89888,caibi,SC,,,,
282ab86c49646e5a18507b088ee0d74c,680b9de0221bb1b59defd49ed2a5d948,22793,rio de janeiro,RJ,,,,
342c4258969c528c3469db9acaf6b0ad,2605c5e0b518e57802205cfb05246774,22790,rio de janeiro,RJ,,,,
c40f7f00e91eb8a0da1e58484380a796,5e107141755c25a665b011009bc254b9,80210,curitiba,PR,,,,
ab3642244247c0c638253fe68ee4c345,5c96a427e784b5e917f5a4fbf0f9e84a,65350,vitoria do mearim,MA,,,,
72a46280034e63cc3703b1f969f65733,dce5c2ba30e0cdab93060715a2f7dafb,4190,sao paulo,SP,,,,
ddffe99936ec5bf99f1ea9ad22fde3eb,9df040be9d7656d4c912b62472bfcf05,8710,mogi das cruzes,SP,,,,
2f08bf21468eccdf69598582d4b89fb5,b31e69e978d97f380d52102ac379fd7e,7082,guarulhos,SP,,,,
7920ebe0de6925c9b6a7900675231e7e,e2a22025597e086617c35d90404f9b07,91050,porto alegre,RS,,,,
2584a8c397f871fab8d373d60dedd289,c0f139fe95b95fe9648723696465c72b,30350,belo horizonte,MG,,,,
150262ecde07c5bc549ca2cc732dcbde,6fcd81a947162c4b4fd4cc59b204dbad,83650,balsa nova,PR,,,,
3f9d223f86d2f243dd5a85fdc286c62a,93b592cbb89abbda7dc554c39add344e,13848,mogi-guacu,SP,,,,
3c138c472fb6f243ea59fa2589b20440,4125ca92d09b7d7a7709209878845a0e,17053,bauru,SP,,,,
45016dcb53fa07cb0c050dc78b2d6f51,c5fd8c6fc581f9792cf214b22363671f,19907,ourinhos,SP,,,,
a9262f07bdf485ee87c6780a830ff83a,bf3d0b96c5568f51f70c45ac9c5f7278,6900,embu-guacu,SP,,,,
12a9f04e1b2cad4b8f510168f31d5663,0f2489905219a85efa84d4e6f873367e,6449,barueri,SP,,,,
e7232b4d5318177ea3ab911dfb920cbf,16598a26ab52b99a6790cee0542f7d3b,3029,sao paulo,SP,,,,
0d0ce626603ca795728958e76c79785e,0a5678ed49dceff3134508e58ef32740,79011,campo grande,MS,,,,
c6f1de87b7344ea1d33400c3c15b1a47,a2dbc98e10ce1a8a3a0c98b4b41ef63c,13092,campinas,SP,,,,
267bfea62bbfc1342ffc898248403bb6,36928e3de80f63dad3bd1d0223b035fc,6266,osasco,SP,,,,
931f171166895ae304d6e982ee54d197,ea01897da007844219c7559642c2554a,58175,cuite,PB,,,,
a096c55fc5ab79f92c64f63541ac39e8,10ff81967c0b118cb0dce61eb430df72,36720,volta grande,MG,,,,
414aa2fa7df5bb8836e17bfe8e2a0658,1aafbf7397e87ee25859a246e1304c8f,4136,sao paulo,SP,,,,
95ec188041551055bfa8abedc15c9218,9506d0f37838eb6943346ba4874834b7,96750,butia,RS,,,,
7511d7ebaabaa2f1e5b75763fac193c9,5254e267e74196f1e1c275f9716c89a7,47690,coribe,BA,,,,
7d9edced80af5c9503cbf88a9e5f2a3e,3b776563843bf7cb5adb4e65296aefae,6083,osasco,SP,,,,
a69c820c317aa348d781a9d6732afc23,17726716a98c98a7806b43a789820245,79304,corumba,MS,,,,
aded241eaa68c31246d82eb3198d4ae3,970f8e94d1e9ff19f5362c239c803768,16403,lins,SP,,,,
0523cd19f27a70bda29f2efb68a2db10,c2919fbdb45366551c1e80d5cb35cd3f,38061,uberaba,MG,,,,
2741d30aa289cae1b78c923cf31e6470,9e11a15e61660b1f33f25a5b36729356,12518,guaratingueta,SP,,,,
da108bc410acffb1400cf9caea65a332,ffec490ab531184a483efe2eedd68908,79091,campo grande,MS,,,,
0e5cde0fdd1709898292a48802e28144,9f2c8934978dfccb30125e17c77c2a08,70337,brasilia,DF,,,,
f4f17ada91ef010cbde3892ae54e625f,3d01f9412759a6a68f249b76eca0de78,11500,cubatao,SP,,,,
cc427818670e1a876ce1a0c989d92f68,a984dc73180e58d6b3520c7e32dd33c9,3321,sao paulo,SP,,,,
392569e210fa974c457c69cfdb400d1e,ff994a455350d9f24c79a7482b89dfe6,16400,lins,SP,,,,
1586d296dc10717a16c0ebfbd90439b5,af3b675d1e66e779b777389130df216e,36021,juiz de fora,MG,,,,
1735aa00e7e53aafa92b65a536089fdb,dac6f2c77c9577d4f6119f9295ac05a0,1543,sao paulo,SP,,,,
f418fa622ecaa0dc1bc8524446faf6fd,40682a6bda55c041ac28f77b0818868a,1307,sao paulo,SP,,,,
56e023e21be211feb920b2e0eeb75c1d,4c6b7c9dc0a557d1aa17cca17b9f6fbe,24936,marica,RJ,,,,
211c5e59e4228e0ea780f1ab02f3029b,67f160b6a745ada303c35d984ab2402a,21555,rio de janeiro,RJ,,,,
169c3ca987a830baef97320592292dae,f55f5b958b01f7040f6f42c0abaca6f4,75903,rio verde,GO,,,,
33e9f4b9cf16be89234b0eac5a37173c,e32aa4e5230e4f78cd989b979fc4279b,87203,cianorte,PR,,,,
ba49f69104161f11989bc1bfd6a5d6c3,8a6fd4c834ecc73624bd1ee83772e913,14801,araraquara,SP,,,,
9c1e141643cc2c164c2fa7c7140f5317,a67fecd4801b668a6f99946a13333c61,21230,rio de janeiro,RJ,,,,
6ceae544a7b14267290dbaa361e511fb,d2a99116b467ff71d74438a6f3827c94,44750,caldeirao grande,BA,,,,
062cc8c5ff387d407645b93970baee73,062238d27c69d03c3cf38b199d6a17a4,36036,juiz de fora,MG,,,,
c6908fb668454ce4294172398b33d5ec,f25dbe47dcd3f1cd4f1bf546e0985e43,91450,porto alegre,RS,,,,
c6fc061d86fab1e2b2eac259bac71a49,107e6259485efac66428a56f10801f4f,13419,piracicaba,SP,,,,
bca923b4bf0e608694abdc3e4f18c5b2,da87a19579eaff2f6444e57ad0c4f9b3,8253,sao paulo,SP,,,,
5848ef3f994e18c5121d291e0daedc81,7e59d854b9bb4cbb2c85fcd93877c694,8527,ferraz de vasconcelos,SP,,,,
5cc48607521a18de6b6e2eeaace14501,69d53f96fa1fd127565c68e0c98bb4fd,89750,peritiba,SC,,,,
3a9795ba3f6c5d04cbca83a5d29cfaf6,9aaeac4d7597ef5e2c9dca24968afec9,4462,sao paulo,SP,,,,
f3476df115c5d26bdb6bfb71b5fb66af,cd2fd2a38f5903eb2a7377b548e0bfdd,4826,sao paulo,SP,,,,
672510553bcfbf72de694db2cd88f046,e75fd09539dff5c7c80a12781404ffea,4078,sao paulo,SP,,,,
410b01953ef40c9962bb6dc6578c7ff1,b4280a4f708b5e554795989590a542e8,6716,cotia,SP,,,,
24b3827e65cf09e06d6510524822749c,d7a7eaae05afd9cb00a7e5378dbae99b,90820,porto alegre,RS,,,,
cc0f43bd4e0f3ed1a2165365d26029ae,8a996e32e8d729f4f10947fb34bf5763,3150,sao paulo,SP,,,,
eb729faa993caad20442243265804a7c,5eb8cc30e45a67bdb05240e7e735967d,12212,sao jose dos campos,SP,,,,
763a720a236f5b8efe8220ef8b87bc81,00fb957ae14ffd35a3211d8aa6d9cf9c,4009,sao paulo,SP,,,,
a12427487c970a4a75dbeb5884f126a8,c5e94cf711798a7bdde48952d2b3ee28,4474,sao paulo,SP,,,,
2013d892495e1a101d742d533d2d1119,02daaa0e021d624d1784c4ea5cc84ace,1033,sao paulo,SP,,,,
32414a38e12950c3121fec300b889ee4,4c98fa82af326124574616dd8e3c8dff,90550,porto alegre,RS,,,,
965cef866a59a3cd6d1e92ba0ad2c779,9e11a53a57f750f786cf63a2c4543b27,72001,brasilia,DF,,,,
03fcc171d06123c951b373d1bf113748,f11173fedbf10c2913afef5844d86c9f,5171,sao paulo,SP,,,,
1c34888248845ed3c9607a2652adad9c,3ac21ab85b7a7594972f8b595c0b4827,74120,goiania,GO,,,,
9561fb5984d862e686beec844488550f,c896a03511f04a65568335fcf3fad642,23535,rio de janeiro,RJ,,,,
a07376bae88bd48df71a590d7191739c,ccbf23953fdda487709f41c2ac5c4f00,6253,osasco,SP,,,,
18f1bb6325d50619d5c13b7a25b869fd,7e765e16bdd8cf6bb0dc7728e1294636,45960,medeiros neto,BA,,,,
f0d62fcceaafaea74a143d7fce54f1f4,46d2e80a1ca0ee7a62db0ab302e8b4b7,38065,uberaba,MG,,,,
3f979506b05475cf5da22aa8e6c36a6c,197e7a981a20a197855fb41c4ffe8c5e,7142,guarulhos,SP,,,,
bfd798b55813a211343f1612ecc25b17,e3ed27f7f18b9aad123fec8eb8ce027d,22770,rio de janeiro,RJ,,,,
e84d9c0fb40fccf1b0e326e840f6a8ec,1ff3cb11d59e1782c6fc95912849a62d,13150,cosmopolis,SP,,,,
1c5b37d20011c637ad1a5b6d423c7483,aaff146bd210808c7d004a05966472a7,24431,sao goncalo,RJ,,,,
03e0ca8ff692a46af071866422dded4c,4cfea1c0d66ed41b769d78040e59fa73,36512,tocantins,MG,,,,
bf02d2d8cd0525d8849563e2a03b95da,3839e1a64b6474690abb49e150b1eb43,76345,nova america,GO,,,,
5f6bbac628ae418db4e0f92932f899c1,d02e64b28b7c386aab81bb6ce148799a,37580,monte siao,MG,,,,
60c23b4f05e926f24472f5ae2ec6b89c,00504b68faa074d0f40adcb4f7727f71,26700,mendes,RJ,,,,
ab65db409c590bb188616224a7e76cf7,97389ed5addd9b9f90dc5b64f3e4f938,7716,caieiras,SP,,,,
f36723822267d804066b22ef8b5eb655,7b2561d9d15389bae6d2c4e97a2d0621,88058,florianopolis,SC,,,,
7475f775af7286fdb7c6802eade228bf,7cc947985b74a0c1ea03e914b2aa3ceb,88502,lages,SC,,,,
41065d9dcea52218c3943d2eed072b97,8e5a8d9363eb6296154b65750c8702ca,83325,pinhais,PR,,,,
7f340a499d079212d76e5a57f5d42389,934d7e7b5aec6b485caa9f0bb98ebd48,89620,campos novos,SC,,,,
d7a77284d0a56f6b1ecb8c344b60d3e4,125afe43321f838bed64b7e0ecfddba4,83327,pinhais,PR,,,,
5d178120c29c61748ea95bac23cb8f25,7ed0ea20347f67fe61d1c99fdf8556ae,21810,rio de janeiro,RJ,,,,
d667ea9696496830a23ff4a8e38db1e3,f224c968e69ed64cf5332f1cd4a3507c,61760,eusebio,CE,,,,
bfab01097454f7cf7d2ba80d7af6125f,c5d371601018aa18e6c3a30b5678fb1e,60355,fortaleza,CE,,,,
266636baec3cfa8d854713f0b465a2cb,f507945d757fe904ec16d8e7bb7ba7ad,24452,sao goncalo,RJ,,,,
378b80aaccaaf259cfd1389b968e4bb2,19d49f41fb53c169a6ad94ff06b023b1,85884,medianeira,PR,,,,
2d5ef00df7f7b3574cee1033e6ec53cf,7ed352d323845dec6500b903ad773570,1316,sao paulo,SP,,,,
1aac2b5adf8aec2c00fe67d06aa8ebc2,96fab6e511253d619ab79a63c31b29c4,8240,sao paulo,SP,,,,
7f2a66ad36459534aeadd9b1985bef2b,a89fe4bf01e67497dd3b1aaa9a43f41d,37550,pouso alegre,MG,,,,
58ee8c095bfa7fab72d5ab65d411c975,33a189c27c13eb6f9609976cf628bd9a,13843,mogi-guacu,SP,,,,
e5475160d45b86c1272caa11513641ba,9cc01133abd8502b1b89a0121e80c10b,9951,diadema,SP,,,,
ab30bf72cae845f3814c7baa50ca549a,8b9c297f4874622ea42c249bba3854d7,15775,santa fe do sul,SP,,,,
60f9c5ec01881784ca846e12c16aefce,67b0a8350bf38e5d5be5df23e0d293a7,70040,brasilia,DF,,,,
4cb9c04be8cfbc5c1e0519344c72a5ed,baa8514552c2181d27fa72c8fdcbb36a,2111,sao paulo,SP,,,,
8f0352cfaa71a939a2aa8dfc4b4165fb,b9985168e18b03feef0dcfa99e65fc4e,88717,sangao,SC,,,,
3b01c1a86716aef93f40e4136bc1866e,9b8ce55666bd674d92cf355e39c88d35,28685,japuiba,RJ,,,,
c46e1af5a15417246a9c5e81ac964358,da9fe686eb368251f74be6cf68c13678,30575,belo horizonte,MG,,,,
47d656c08a282ec5ab4c1f18303a3a30,b5910f24d2483d697b37e3857b621061,9820,sao bernardo do campo,SP,,,,
cd042ac503b01b08c0c1e582bb978154,236655441ae8dd4485fd328d918186fa,48020,alagoinhas,BA,,,,
0a88fe358661f9b9cd87d419e7bffcdd,655456320877a5b071dfa4ac10bfa161,4710,sao paulo,SP,,,,
07bb78d58680e12babcfcb21476f9e14,e97fa3c8846903173a7ffe24dc455c44,48500,euclides da cunha,BA,,,,
cd6bb6cb42e1fb7ad795a83702d6a27c,a2fd22263bc1dc3be656a0f725d3866c,79008,campo grande,MS,,,,
84171de389927066b2f82ff038e94cb7,1b61b6490c6d609224d6e8bb4bc415a4,13044,campinas,SP,,,,
39d5f491d314a5e26d16cf74581bff02,5d81012f5f20f3781512403410be3043,6624,jandira,SP,,,,
6031cd91d182925af3d38ae9590e5afa,34acad212e30cd0d511be1034e2f9821,14150,serrana,SP,,,,
9ec353f970bdf785f6568724d9ea19aa,484689f7961df6e755f6373221aff64d,83280,guaratuba,PR,,,,
d3b3960bebb0ff8c6edb75c8edd39212,cd6ab472aeca00c899a173ffea882881,27570,porto real,RJ,,,,
6a9314555839080b4a67cab05e532105,150a2fc71a1324ebdf6b8ba3b8a2f884,9040,santo andre,SP,,,,
21fac8ff24f5231ff8f105323fea28a7,83ae47dedb34563d71d7a406f282d2eb,96810,santa cruz do sul,RS,,,,
5993edc559f101a53914bdcdd9d230bf,5250c9708a2b44c10bd5cd9f94235290,28470,santo antonio de padua,RJ,,,,
a7e8a3cb55d9c9a536992c6465a46a3f,f0b9f688a3b9151bc6b38f4b5b36ea44,6539,santana de parnaiba,SP,,,,
dd6ff79fddc7e5fadda7b83b2bf4383b,1bd9ea0e69c784dfd93facf065b406d0,6050,osasco,SP,,,,
96ce05a47b37faa11bd59938ee555a7d,e3695821bdbe747a2f9d72bb83dc4bf8,91780,porto alegre,RS,,,,
f51670c66e7e928844fc66261ed1b91b,4ddf25b85103aa90e4e53f275db83285,15035,sao jose do rio preto,SP,,,,
dc9919c18e50e3160afe68a91cfcbc6a,c6d44715bc4825c73c205c39646c648a,13500,rio claro,SP,,,,
e288b145525a2a1b7f73fa9101f3904f,cee4e6509d99d45518c65d26971c1cbb,5058,sao paulo,SP,,,,
0b5f6687d659478f1747caed607c4ec5,77367b6fbb034ca710d4f41aad009151,9185,santo andre,SP,,,,
9d797a1a7d8ddb192708608d25197161,53f34954c078f5034197993c0e109b95,57303,arapiraca,AL,,,,
52ec7c76aecc393c0db44c9bbcc4aa68,4df2f8ce1d98a38ead24358c74cec8a3,14080,ribeirao preto,SP,,,,
87eccba53579db5563b0588f8943373d,aca661b86a424c1cbea17d14787d3ce3,18602,botucatu,SP,,,,
6204061101097bad0b25b3c4fce9ee8d,6724236615afbc343645dacfa693fae0,1035,sao paulo,SP,,,,
fb7e9a0264b2987537473967c3518c95,cd7ba8d9c38011e37b802cbf80798696,7023,guarulhos,SP,,,,
e41d728aab3d0dff5fb070f93eb61345,770c43f54c33cbf4bc49b7f2d6576891,22793,rio de janeiro,RJ,,,,
592fe733eef8c8ab12d27a84a98c94a6,40ab3e4a058e03da00c83586c4001193,58057,joao pessoa,PB,,,,
85d84596608ea7f87175ca9521ee12aa,e4c1da04e1d03a2f6f276ebcb68b8253,5767,sao paulo,SP,,,,
678c7714cdd189c7aca5cd7e6c70fb94,ab08b7f9d42ac261c3f6b7c201bb3c99,4306,sao paulo,SP,,,,
1ab52508d3c58d96241850142347b75f,58b051c30d684ac12a2049a49c856203,44065,feira de santana,BA,,,,
63a479f36824ee8972e112caa2e4e64a,28dcad8be7db3ef1b0e1f5da9f19bec9,37925,piumhii,MG,,,,
a5ced4926d7d8fa71e9be2b007720356,94ea9edee3656707894565f35cb8570d,8671,suzano,SP,,,,
8630914c34f45ca88a7589cddb8e0ae2,ead67853687963974dfd6a3c23072deb,34006,nova lima,MG,,,,
7518fa33beeab5aa7ebe84e85d36ef99,7bf4f2ba9ddd4842999dd89a22d34179,8050,sao paulo,SP,,,,
cfad256eb02ee52ebd2a75e6a3095cca,25d006b3634dea40c307e9ad13b41894,58058,joao pessoa,PB,,,,
44f5f5476eb92ebc9c4ab70c8b1bf189,bcec9b9aa5e994638f1eb6c2e5f449aa,60850,fortaleza,CE,,,,
49b0b78f8fd6fc95605c46e685c4b611,d77caf275e9f22055520d5a58bf0691f,9350,maua,SP,,,,
bd5dee4ca2945a0ecb54846178944df9,3f5c2f46e425fbdbd5341e0c4a30ff63,91770,porto alegre,RS,,,,
4eca2e495967922f24cbc0600040e006,2405f1b2ab4f5660d9338425029ddb50,1546,sao paulo,SP,,,,
c5b44be122ce413a4517716ad9dd072e,04373f7c105c306e9bdae55e5c70163c,11702,praia grande,SP,,,,
e62a03d00892173f46bb99a1da0f86f3,e8ead022ae2b3779a4aafdcb1bba8f31,8635,suzano,SP,,,,
d70e5eac00a9d35a3cb193442c0287cd,4831f388aaf5dfed43c1bd4455f37eac,22030,rio de janeiro,RJ,,,,
2b27fae969b7d2bc173e466a742e50c6,ecdd7200b5bc4a68c5e75117d61a5751,18055,sorocaba,SP,,,,
92e2508e660317ea7b5be007a5e38e7a,04797864da463ad3509a27b58337a009,18550,boituva,SP,,,,
4930dfe106be258618f6907e8ce8795d,e26c256b09efa85577c1c600cf1e9bea,5269,sao paulo,SP,,,,
b129d989bd1940915efbdc2d239386d3,0b9779c6ddf61db3641edd60f13be109,68637,ipixuna do para,PA,,,,
7f19d565d956cc2fe3f01a860e841ae4,1eef7aecfaf102d8e3ac486569a2519f,76200,ipora,GO,,,,
570f691879071b176cf72fd133287711,2e71ef0bd6b2e092901c480f193e0602,13715,itobi,SP,,,,
cc1b493af97ae700d97fce303d5af14e,573ddd3618687eecc338147df179590a,4117,sao paulo,SP,,,,
3f887ff09d642f0cfc712a5f6751c5c7,895ae7e95f846cf2a68eb3e693c01950,85580,itapejara d'oeste,PR,,,,
02e460a9db12a0de7f952f8facb66312,258212f72c68bfd7d05ca8b3e59b5157,80730,curitiba,PR,,,,
e3aaae760c7433a9e8cde67c265f494a,5f559ae955c7022e7774d5850bea5351,48605,paulo afonso,BA,,,,
3fb1b736500b371cd8576c7050fe7256,959b120a59e2bd76acb9207e7cb463d3,4037,sao paulo,SP,,,,
eb6ebc68d7ab6ad83e9d68dc1b707f1c,25bd804c580bc1ee0c93d073fae09a84,1403,sao paulo,SP,,,,
8832232b097dba67d540a76f6ba88795,c0d9dda253199c2d4d3a2a255b77e517,74823,goiania,GO,,,,
ca9e43d2589e04a0608d8989d5c5452d,8f062a3d9b2c79e29cc3d8db301b6d39,4316,sao paulo,SP,,,,
b1517b4078772e718a46e03f9ea9321f,7062c39f1843312ff40c29838e4a8960,13295,itupeva,SP,,,,
396573e1df49285167b26331d72e7f96,5ac6468b01b29ea7238103d44092c65a,89694,faxinal dos guedes,SC,,,,
24c7cad158eb1baa048288b63c1d6085,8b0769e4ee3f7a3e5c98b3de1b087a5a,13208,jundiai,SP,,,,
6b994d4f438ab832290549dd01b35032,9836bee8c9b546bed28c2ee0bbdb2d3f,3309,sao paulo,SP,,,,
5fd34b6c7233619283197ff572e5e966,a9fb026555bf90291457057bcd39f613,30320,belo horizonte,MG,,,,
f2ad615b9e352f08c5382d34ed55ce8b,33e2fc41ad206b4cb58898703509d48e,31560,belo horizonte,MG,,,,
0fb0919d1c2791fb41c75bec69db8df1,f4bb8bed1c890f3eb2f65a026e8e1b07,12721,cruzeiro,SP,,,,
0ceb28a00e14081b054eee1421d9d970,5318e121362ccfb8cd324d2ee75d20d6,2807,sao paulo,SP,,,,
07acb3c7b1fc507ae53e2e611d2b42a0,fc2b5f19f2fea59761bf4961bc83ada6,31270,belo horizonte,MG,,,,
926c8544055f08fcf4a065407ebbba95,756574c3d9ed581f72a283c38776c116,5025,sao paulo,SP,,,,
57ee2ef64f17a5f9a4bf30489b06326c,91a7366b39d3620ce44f85fa5d116896,24120,niteroi,RJ,,,,
eac2fb60d3f12675772fa03f9d8f8ddb,f113042ff356f926d517f3087d4a1ba8,99400,espumoso,RS,,,,
ee78e2394f33a3bf7e81e1ba6192863e,04c9f042aaafb2430f14e0c3d46c0a68,9120,santo andre,SP,,,,
1730e1c6c871728cb55c1648810fa30b,1f68f3d5a98b660595b50cb5572c97e6,14660,sales oliveira,SP,,,,
db4ce50bf63f8c1a9518462b0499aabd,f513f0c6703eeca0a7c917c3fb6e407c,61648,caucaia,CE,,,,
6909938bdfdc79e0e6a5eeeb781566ab,425697ce3d3fac914952c34f43c9dece,9450,rio grande da serra,SP,,,,
2653ffa2adf76d9827e1458918c125ef,b120185218db2a74f354de194405aa77,6814,embu das artes,SP,,,,
c09962ce82ae80e545818b93530aab09,47b38e3ca4ce43247fdfc425e3dae292,7190,guarulhos,SP,,,,
de803ca99877b56ce0d121b7e2d57bc5,675bbd87e94431bd6c6fc90aefa1427d,35170,coronel fabriciano,MG,,,,
2c499841f2c353053fd296844c4908f5,7d70830062fb69cd2b3f095aa6ad8fd0,71741,brasilia,DF,,,,
6d68129f050598becc89de9b781c298c,7d815d7246f1f071a3bfbf856543db2e,15410,cajobi,SP,,,,
bafd4361ea9061be4b18bbc25300f2b9,ada075db68fd3e0c522fb5a9e2b26805,4809,sao paulo,SP,,,,
aa49a857b9196c3ecc7cd8cc02f954f9,84e13ef722e424b9f6ed3533f1996aec,89899,ipora do oeste,SC,,,,
d0f1e9e852ef9b1099b6dd3c25027d55,704c21a02e59001049f14ec33b3b0be0,56220,bodoco,PE,,,,
3a6fc4af206cad7a5eaca926cdffd0d7,d5ccb9146be20771162df61d83ee6a31,12230,sao jose dos campos,SP,,,,
14532f1320645821a6da04e049dc6b53,3e1f5ce6a6847bac4bc3f20a2c3a58d0,21235,rio de janeiro,RJ,,,,
0623ac95ea8764ca730185db76ea56a0,034f3cf671ecc03610f2ce339ee72f4b,90420,porto alegre,RS,,,,
ce88121027e42c2e895f84a8f3ccd665,5891450360108dc473afec34275d86f2,11664,caraguatatuba,SP,,,,
de0c1a4d8c367c58d66e61dfa379f4cf,67339b5ed21a26219ebbeba53fba836a,11725,praia grande,SP,,,,
3773bcf1a6fbd29233ea1c1b573c4f22,f5f088001070650f9e9a8cd773621f35,13208,jundiai,SP,,,,
6a72b0e91fbb821cdade717f5899a67f,c502c4be2ff2dcf09b3fb80a47d1e9cf,87707,paranavai,PR,,,,
c9eba034ee5ffca9771a1a60f603c827,8b773922de721ae547665eb8713eff08,99690,liberato salzano,RS,,,,
74179773f1f31f3af11c3b3b065115f1,78d665ab97fb0bfd754a20a48476c4e7,28630,nova friburgo,RJ,,,,
2010587cb06df66a241fa29a40cdf9ab,78f1426483887323ca6f074d0e76f3b6,99525,santo antonio do planalto,RS,,,,
f6d650f5127f08c4ed7c4f596c0f9cb5,3880b8d94e3a64bca0e7df6c5f05c29a,5734,sao paulo,SP,,,,
f7277fce45fad3165379c15cacf5ddbe,1544f85dff3797491b60f2a5241d14c1,6160,osasco,SP,,,,
3fa57a1801314f5064ffebcc14d2063b,88fcb680dc8cd2e540010c0750b78242,13348,indaiatuba,SP,,,,
053577e4537e6b6b68b9f0e929f27d32,a99ca5de16bb8737a59d562a3c32ca9b,1258,sao paulo,SP,,,,
789866f98a4d051812a2ad7e9c2443c0,d61c923fff01b0e448672a2159ed5757,38412,uberlandia,MG,,,,
c6ea5fee4779628bf4d55977fec66560,5b144ed81d73eab158657c9516c0d2cf,30664,belo horizonte,MG,,,,
7e1d6ae9c77f1010a374656024661408,aac87016855bd40827b41313863872e4,12515,guaratingueta,SP,,,,
bacf5021c97183a2a3946dff31e56098,cb56f37beb68b1e2557f4ce00879d21c,89280,sao bento do sul,SC,,,,
ddb83a5b3161520fcd64863c1a266ec4,9b06f6c009832ad8a108a8ae7367ad4c,20211,rio de janeiro,RJ,,,,
55e153b503a15cf10845bacbb3b4d616,7c6afa006e0c76d40fe0dc6aacee2940,22750,rio de janeiro,RJ,,,,
65c6da734e03f00a02315762773f9e5a,c658781f2931c08e5adef93d62b67007,30140,belo horizonte,MG,,,,
5837b288ad076175ff451a905d6153f9,4619a0062095f6d6946a97ae46be4782,4327,sao paulo,SP,,,,
f8fc70c22831cb93f1bf7f8eefa19765,511ac552669ae0bea0aa5e724f69f28d,4128,sao paulo,SP,,,,
720f9eb7343c0fb80260074ae6c3fc35,d75fb6a485d852274d02790815fbbb34,46875,itatim,BA,,,,
2cd8c5d16f98a776a87ccfeb14c0ed33,99dc44814f4149b4c54128029ea0eb4c,76590,sao miguel do araguaia,GO,,,,
47bbec3546f4004399e1e60aac67315a,c7ba5ecdf4f95144e084d86235fccae7,11020,santos,SP,,,,
963a1bdf3457fa0fc821708aa51e087f,a5691fa7bd4401e76eb85545f64dfa07,36205,barbacena,MG,,,,
84f30d2805ae1bddbe5deefc84c80cd0,0511b00dba27c937d7c1b15aa385359e,29101,vila velha,ES,,,,
0b0e2a12cbf100c36a10fe8fb871d783,a1588c8835d1e73d889f5e116bbaa967,8543,ferraz de vasconcelos,SP,,,,
b4c4af6dbbbbafcfd8d6863fa0fc6e61,f9b89cfe153ff980aa3d8dc18b380888,76630,itaberai,GO,,,,
1ff23faa252154298c3e52a1e36c1cda,843fce53a8077f28ff10cbfaab2ab957,27933,macae,RJ,,,,
6e6943d8c4822ead782b17d532e6ee63,2302114645331312215fffbe07aab78a,6060,osasco,SP,,,,
7bfe2d37d3643c4bd9fe6fd5c4228d0e,f3c96794acb463d2a2785d4eb46af0bf,23035,rio de janeiro,RJ,,,,
e82aa49c904185344fbfbbe025433ba5,b2f4ca50352ef05b755693d159d82147,11370,sao vicente,SP,,,,
7fa80efb1ef15ca4104627910c29791c,205d5aa158338f2b733a07326aae8c87,42804,camacari,BA,,,,
4ab60901050d2b4b877596c2edc24a6e,62fe3c4ffefb1c3462cb546598df78f8,21215,rio de janeiro,RJ,,,,
a947822e31f502d0f6297cdee1448a73,da42590d5fb158dedc2996e0cdf95a58,89520,curitibanos,SC,,,,
5aa74c879595083359ded75778c85a3b,cc0472ed54d7ef34d66a4cad6bf2e666,81935,curitiba,PR,,,,
953d151252d1305b272923cb0776a79b,c8f4f0e903ec33304d2c7a5301a94c7e,22753,rio de janeiro,RJ,,,,
e91aaba52c45b2044c6dc4319af54a5c,595e86ccb5e139b87f2585257597b82a,13050,campinas,SP,,,,
20899a98f69e29ac34d852719a64f431,52832e2d43e2afc66377c52f26dacfc4,98400,frederico westphalen,RS,,,,
b7fefe142962b04fa4d97b8bec20f8a1,9ef4905006f939a993f4794df18564c7,64056,teresina,PI,,,,