product_id,product_category_name,product_name_lenght,product_description_lenght,product_photos_qty,product_weight_g,product_length_cm,product_height_cm,product_width_cm
96bd76ec8810374ed1b65e291975717f,esporte_lazer,46,250,1,154,18,9,15
5f504b3a1c75b73d6151be81eb05bdc9,cool_stuff,38,1176,3,15350,47,40,47
bbf920aa6ac72007a726e6f419156f8f,moveis_decoracao,42,303,2,1300,25,16,25
adf591c625cb265c12bc6749d3a2f757,beleza_saude,60,1146,6,150,20,24,33
f9471562478eba8761bc985b968a0092,utilidades_domesticas,38,390,1,850,18,21,15
6b017e0d95d8765a6f2bed3bc272c61e,fashion_underwear_e_moda_praia,39,422,1,250,36,4,20
5e21d5cab5d33e770d8150a4ee6117db,relogios_presentes,60,312,4,200,16,2,11
68bfdbfe84f03af17733b10362f10020,moveis_decoracao,63,244,4,600,29,12,23
f4d705aa95ccca448e5b0deb6e5290ba,cama_mesa_banho,57,74,1,250,20,2,15
bbaef2eadf31fe3ea6702077398be06c,perfumaria,45,1003,2,400,18,11,11
e10758160da97891c2fdcbc35f0f031d,,,,,2200,16,2,11
0e40b1ed4cfd3da1962ec91913e54ba8,eletronicos,52,424,1,175,22,11,15
e2c3ed9aaddfd2312a6a5fe9b3ddadd3,brinquedos,53,579,1,675,22,24,21
c6336fa91fbd87c359e44f5dca5a90ed,esporte_lazer,39,772,1,150,16,16,11
b0cd550945da1de6eb9cb69595d540df,esporte_lazer,55,1392,1,900,16,16,16
ce130b350f529a1d6288f927da7404ea,cama_mesa_banho,50,171,1,1450,45,10,15
a963ea4d494221de09b70f1b4a70edbd,informatica_acessorios,58,240,1,150,35,8,11
84db874a1a2d895b0eece26cc9bb3dd3,cool_stuff,55,418,2,1250,36,16,24
464383c22e65860826cf78650fe0f4e4,consoles_games,49,781,5,200,16,16,16
121b9686b9929855d823981fc655a6fe,utilidades_domesticas,55,747,1,6250,53,23,28
6c90c0f6c2d89eb816b9e205b9d6a36a,informatica_acessorios,41,260,1,775,21,18,26
53b36df67ebb7c41585e8d54d6772e08,relogios_presentes,33,523,3,584,16,11,13
036734b5a58d5d4f46b0616ddc047ced,telefonia,58,751,5,300,17,4,12
bcac2cdcd851929a5caa3e1508d5abc9,utilidades_domesticas,45,928,1,800,39,6,28
eb6913790ee61d3d4d8dffcbbedea827,pet_shop,57,1268,2,102,20,6,13
2f763ba79d9cd987b2034aac7ceffe06,eletronicos,45,1198,2,595,8,6,6
a93ad122024312ca432da7f7b32474b4,cama_mesa_banho,48,267,1,1588,48,12,44
4834f24983a4f056e5ae64265f723aaf,eletronicos,52,468,3,230,16,14,15
a8115d34a4b7b74388da609692162c37,informatica_acessorios,34,1080,2,250,41,2,29
9f69acd4da62618a3f6365b732d00ccd,,,,,850,27,13,21
e2acf075e3634e6f0c26e4e88c1bf9d7,moveis_sala,33,332,1,6750,54,18,53
b5c114b11d53b6fd85a6a90790f0b479,utilidades_domesticas,30,678,3,267,24,15,12
31a2f42a87890f87d77daebdfabc182e,brinquedos,58,419,5,1700,30,35,25
8cab8abac59158715e0d70a36c807415,esporte_lazer,56,1392,4,1050,40,20,30
e71435b372f90893385344e8be3a7696,utilidades_domesticas,43,2372,1,1350,44,11,25
d0fb1e667e989933a80444f93da833c0,utilidades_domesticas,47,390,3,525,18,19,16
acef497c1130f71ccfe63aaa1c9a607d,beleza_saude,53,2496,1,200,16,6,11
bf06a69bb27c58156391de458700f3e7,relogios_presentes,60,272,5,300,16,2,11
165948b2c41e846df7d09b56826a747f,fashion_bolsas_e_acessorios,55,89,1,200,16,2,11
fc13bac52be6640d9a77f54894e2c0e6,beleza_saude,42,1158,1,550,17,9,13
2381a3052dd37f97e616bf160467acae,relogios_presentes,39,615,1,530,18,9,13
d2f2c2b94c6ac44ece0bd0dd202c7939,moveis_decoracao,54,241,4,1050,32,12,32
b50c950aba0dcead2c48032a690ce817,esporte_lazer,58,2584,1,1800,16,16,16
ff96895c6b1d31f34b2d82f86670fa85,cama_mesa_banho,59,297,1,2450,35,10,35
83b92639fffd1d55c9e04c77c86d8d2c,informatica_acessorios,56,901,1,280,20,15,14
6c321ed0f47858a8650f4104771224b5,relogios_presentes,58,509,4,300,16,2,20
5d422bd54b54307ff7a5e770f40946e4,brinquedos,16,508,2,300,16,5,16
601a360bd2a916ecef0e88de72a6531a,cool_stuff,33,897,1,1600,42,25,15
af56e0203193f066ed64cbbbbf95ae6a,esporte_lazer,50,1290,3,750,25,7,25
188c9cb0aff9e485e3f84752731c633a,cama_mesa_banho,55,428,1,150,16,11,11
436c8d57ff8d4aa254318e9bd9b48c83,cool_stuff,54,599,6,530,30,9,14
8d39a63db6a98e40571f486e0c711cf7,,,,,450,16,7,11
2a211896ec7ab72cedc7939e9ffb01b4,informatica_acessorios,58,1306,1,700,23,20,17
9b08a09bf2fd9731cfca8cb3db24457c,construcao_ferramentas_construcao,14,233,3,150,16,10,12
19c91ef95d509ea33eda93495c4d3481,beleza_saude,50,1257,1,700,25,12,19
83d199d296c44101c8c3b5c9c0cce9ea,brinquedos,26,855,2,500,18,6,21
2ccd049c8e7ea210e079a1aa8ad92477,papelaria,54,218,3,6900,28,55,37
6b7de889f456ee35f031172d358b2cd2,papelaria,60,778,6,1500,30,50,20
7d88f23682af2fc7db5484b6e41f8993,eletrodomesticos,50,264,1,500,18,8,13
2c3210fa1dfe1fdf8b8e3254287c9e4c,cama_mesa_banho,58,405,1,1400,40,10,30
e76438822c17316d276c27e52e588931,informatica_acessorios,57,1138,3,100,18,12,16
1491a8ff192d4b5c369b0eaa2fe33ee5,cama_mesa_banho,46,162,5,4600,60,19,50
d05d4a7430d1293367ba2ffbedcdef05,esporte_lazer,44,907,1,300,16,7,11
78efe838c04bbc568be034082200ac20,moveis_decoracao,57,272,1,2500,40,10,30
55782cb82e0efe052da0a3da237da3b2,automotivo,60,1159,3,2450,30,30,30
716586b5781e43926d404ad0f11669e8,utilidades_domesticas,50,443,1,1625,41,26,26
9d8a0e115e802d845b4ce1eb794d1260,esporte_lazer,30,2299,1,150,20,10,15
f23c48d81cd6a0c87f5c3b14aac68371,beleza_saude,53,963,1,900,30,30,16
4e64dbe0b03dc0aba80f28b0b922c6b6,telefonia,43,1468,1,133,18,5,13
fb060ad9a8625b626189641799bccf89,esporte_lazer,63,569,3,275,24,8,12
310ae3c140ff94b03219ad0adc3c778f,beleza_saude,59,493,1,2000,30,12,16
4c99d6df98c5f4960cae6fd9f8603bd3,ferramentas_jardim,53,75,1,700,35,20,40
77e8ff91e2cccad62b30a0a83bec431e,relogios_presentes,53,496,1,330,16,11,12
35537536ed2b4c561b4018bf3abf54e0,esporte_lazer,59,1459,9,2100,36,9,14
93c902b021a9e594f658ab1b0351602a,eletronicos,60,390,7,1250,26,10,18
07c055536ebf10dfbb6c6db6dbfc36e5,moveis_decoracao,59,473,1,600,30,3,20
5ed9eaf534f6936b51d0b6c5e4d5c2e9,cool_stuff,51,693,3,600,20,20,21
656e0eca68dcecf6a31b8ececfabe3e8,informatica_acessorios,45,236,1,173,18,13,12
a94036c0bb4dfce8d5762777c07b7be2,cama_mesa_banho,57,2473,2,2500,43,8,33
ffd34459c21034d1da6df9800de0d7a3,beleza_saude,33,816,1,150,23,7,17
460a66fcc404a3d7306d5f50fcb2d18a,utilidades_domesticas,51,720,1,350,16,16,17
2028bf1b01cafb2d2b1901fca4083222,perfumaria,54,1536,2,250,20,8,21
9cd17b1cc8db0de6b175f213e9054c01,brinquedos,50,903,5,2416,32,28,23
8828464e34fc3da3892f568218e14d61,beleza_saude,60,3244,1,3575,21,18,22
7c1bd920dbdf22470b68bde975dd3ccf,beleza_saude,59,492,2,200,22,10,18
cdc9d87e17ccf98f35634e6c3b77073e,esporte_lazer,57,1236,1,4250,20,20,20
fb8e60e1a3c247d3a2e17f6986e71a40,moveis_decoracao,58,858,1,3250,31,43,21
c589625c8ccc7bfd2e8f1fb041e24c4a,beleza_saude,60,919,1,150,22,3,15
1c9b5793de6c3d9117b6218552c87a8f,perfumaria,54,956,1,50,16,5,11
5bd6493a2d5a384987386f2696bae33d,telefonia,59,405,1,150,19,4,11
57f2bc497c1a3ebe41ba7a06d78ed159,relogios_presentes,55,336,4,250,16,2,20
d2e8130fbec52f5dac0571ea1993f28a,informatica_acessorios,56,1199,3,525,23,11,16
05c693a8085dad009cebdcf2830ab738,telefonia,52,525,2,200,19,4,11
fadc89c2a60ff96b18827644074dfd70,utilidades_domesticas,52,827,1,1800,30,30,30
138d7037b59dcee052810952c983033b,esporte_lazer,50,621,1,1400,21,16,16
fea7f0c147905a41ca324c0e3234a4c7,informatica_acessorios,60,2127,1,225,18,10,16
0f0c4960b05d6145bbb4b348423503ef,eletronicos,32,139,3,1700,32,5,26
b1551ef44e04265b510840b991b24b51,utilidades_domesticas,55,1010,1,1000,43,11,37
1f9799a175f50c9fa725984775cac5c5,cama_mesa_banho,51,82,1,1000,40,5,25
ec2d43cc59763ec91694573b31f1c29a,cama_mesa_banho,38,735,5,800,20,20,20
e9eebb8e8ba0fadb9020f8ba1c003b48,perfumaria,36,210,1,541,21,15,16
9ab817d90bc61ed772ffea01b4cdcdb6,beleza_saude,57,1262,1,450,20,12,12
2083a6feb4bbb31f6abc92fc24e468c0,telefonia,56,3135,2,150,19,15,15
d9bba71d1d1ad35925593d365a2ab43e,eletronicos,58,1473,1,1850,56,12,39
f2b67cf6ef88cbc9c2f3e482f558b318,perfumaria,45,977,2,117,16,11,13
fb19ac22e32dfecea21afbdde4b97b5f,telefonia,54,804,2,100,16,13,16
42a2bd596fda1baef5719cb74f73030c,cama_mesa_banho,60,188,1,1300,44,2,35
2d4d78eecba060a7127c5f6a21cdb0c7,brinquedos,28,137,1,2444,45,22,41
b114bf337c0626166abe574eee9e3f32,moveis_escritorio,47,1398,1,13350,57,56,22
79e42c4fa2bde6e0c828d23c4fb7df35,instrumentos_musicais,57,962,4,900,42,8,40
fca62108387e25005784da2f551466a1,moveis_decoracao,42,87,3,14600,84,8,84
8d7ab3701456fdbfe2526636ce15327a,malas_acessorios,52,408,1,325,18,18,16
1613b819ab5dae53aead2dbb4ebdb378,automotivo,60,982,2,50,17,10,15
33fac76e7f17367dedaef7954bbb33b4,beleza_saude,63,1113,2,550,20,20,20
b77f596e85780e540958a58d35836e96,automotivo,58,174,2,200,16,10,16
fed5c40c27e1c88560a9e92d82ee0825,eletronicos,53,109,1,150,24,12,18
ef92defde845ab8450f9d70c526ef70f,utilidades_domesticas,36,558,1,450,24,8,15
43cc8e4d981bc04b9d78b12e8a908d41,beleza_saude,44,1793,1,11450,80,26,26
cdd68c0ef3e507db79631336cf9ec285,moveis_decoracao,49,494,2,450,30,20,20
33bd5538a16d23f0a39da1c9bfd20980,casa_conforto,52,181,1,2200,54,9,28
69c5919a1b057b3d3d8b58f3b9b4b89d,automotivo,34,364,1,800,20,10,20
bb42f37fc3d9130e4a4339d24a47dd7c,cama_mesa_banho,59,81,1,400,20,2,15
f361fccba568fabe00db466f80626d1e,automotivo,20,908,1,75,17,8,13
338aa2ba639b0be9950da484aac036c4,perfumaria,46,565,1,75,18,9,16
caa41bf17e27022341da028e79152c4c,beleza_saude,60,365,1,180,16,13,11
0ce1e35bdc6af7e582e7ef9363e29b5b,telefonia,57,607,1,100,16,11,9
525f8fbde09c9bf777025c3141fbbc6e,climatizacao,52,346,3,250,22,11,16
447934cd014b033280977350b730d892,cama_mesa_banho,58,124,1,3100,60,16,16
b22658be72921a967a7d592dfc61e54e,perfumaria,34,523,1,500,20,20,20
656d923048a96be8ec0da05d7b71aa28,esporte_lazer,40,604,1,129,22,4,20
f7a17d2c51d9df89a4f1711c4ac17f33,utilidades_domesticas,56,1245,5,350,22,8,19
cebff45f1d1558430be0e07ac0df6a68,automotivo,56,960,3,1400,30,30,30
cfbc837967ca671ee87f5243f2a1024d,esporte_lazer,47,527,1,400,16,17,11
cd82271424be9568801391194697361c,cama_mesa_banho,56,999,1,400,19,13,15
dbaee28f4ee64465838a229582d77520,construcao_ferramentas_construcao,58,1178,2,418,19,6,13
b3cf0a98f31b76ed0cec13d9c77102c4,market_place,26,1528,1,1300,33,6,22
368c6c730842d78016ad823897a372db,ferramentas_jardim,57,366,2,1650,30,22,30
9d6c66334a27b9dcf34b71cd371638de,cama_mesa_banho,45,729,1,4850,20,30,30
9f14f401fce2d9ddd450e7ce60cb7f5f,consoles_games,45,130,1,100,20,3,15
8338cef8355d238f43711dcb9c0657b2,moveis_decoracao,59,473,1,700,30,3,20
1bef08f119466a85a83919d5b80facd3,cama_mesa_banho,39,114,1,250,40,4,30
b596e2d70dd2f5fb5ff9ee2a1c803e5b,esporte_lazer,53,748,2,6300,42,20,32
38afdf723b95d455b418a0f57d623c6b,moveis_decoracao,38,479,3,2500,34,6,28
423a6644f0aa529e8828ff1f91003690,agro_industria_e_comercio,54,2352,3,5800,30,30,20
634256dbcd184b3757ffd7632c9fe52a,beleza_saude,49,295,1,150,16,5,17
e350532acfc2ee911b6dcf1029dcb48d,brinquedos,27,867,5,300,22,6,16
526f833e1eb0a32ad9351145a761b9ab,relogios_presentes,60,491,2,250,16,2,11
f399bbedb1d21192dffefc4a8b30a229,utilidades_domesticas,59,614,1,5300,30,35,30
f7ac498363699addc5ff78eadee46977,telefonia,51,544,5,150,19,3,20
035df2b15f358d231e00af9e62488cf4,perfumaria,51,607,1,783,17,15,14
741a31499a578979be85db7f80139e62,moveis_decoracao,59,473,1,600,30,3,20
cb3ad2d2499eebaa7ccb4fd1e7db9bc7,automotivo,57,689,4,1450,30,30,30
f2af004352a06a99dca765596240cbc3,beleza_saude,61,1054,4,100,29,5,15
eae99ba0d11a9e56ddc878519bdb33b1,esporte_lazer,39,716,2,1280,29,24,22
ab1f9387c0627dd24000bfbc54fdeee0,eletronicos,45,456,1,175,22,11,16
632fe3d92c45b5c83f4102fadd94ee92,industria_comercio_e_negocios,52,1561,2,6950,16,104,35
3fa43718c1d128c8d2f148530e9493f5,ferramentas_jardim,29,1038,5,16300,100,25,30
aa280035c50ba62c746480a59045eec4,brinquedos,56,678,3,200,16,8,11
9bb2d066e4b33b624cbdfec7d50b3dcb,pet_shop,53,1494,2,900,26,19,23
dd3575a8c5e2139f680a9816a15c8f2a,consoles_games,38,919,3,700,19,6,15
aa8627a375771ab01288705307ec4ae5,utilidades_domesticas,53,493,1,5750,40,25,30
61194019f380f0b760c31e66ee97e50d,esporte_lazer,54,1954,1,400,16,10,11
aed75ad669fbebd5a385ac7cc2ae7573,beleza_saude,42,427,1,30000,50,75,56
2c2491f31fe7320124ccf2f3404354a6,telefonia,60,818,6,300,17,4,12
547b95702aec86f05ac37e61d164891c,ferramentas_jardim,33,509,1,9100,42,13,39
7564c1759c04fc0a38f2aa84f7a370ee,construcao_ferramentas_construcao,59,2432,3,1200,16,11,11
2b4609f8948be18874494203496bc318,beleza_saude,59,492,3,250,22,10,18
1d417ca09479182e9fdf13a1c77c309f,cama_mesa_banho,49,729,1,1300,20,30,30
496f6bd86011e5a9ddea8dc96e802340,moveis_decoracao,60,458,1,1050,30,4,20
69455f41626a745aea9ee9164cb9eafd,relogios_presentes,41,408,2,501,18,13,14
f9b0ee95ce8b1ef8b50eecc5e0fa4348,esporte_lazer,59,2993,1,1250,23,23,23
f2e53dd1670f3c376518263b3f71424d,cama_mesa_banho,53,236,2,1975,41,13,31
a2f0a41fa03da98fd19e20d996462cc8,pet_shop,55,444,2,300,17,12,14
e3a23a99f074226ad690393a840c3244,fashion_bolsas_e_acessorios,37,558,4,100,17,3,12
c6dd917a0be2a704582055949915ab32,cool_stuff,54,1012,1,1200,42,25,15
20c26b058070cf8c6bbb8c8943eea98c,automotivo,55,703,6,5100,47,19,23
d5f1f35337b832cc42168c69511e311d,automotivo,54,145,4,100,24,2,17
ce169d5f9421a6f21e41a7bf54d0b98e,instrumentos_musicais,41,163,1,500,30,20,30
aadff88486740e0b0ebe2be6c09476ae,beleza_saude,56,390,1,250,16,5,15
aba86c093ccdbac75b09111d57e50004,moveis_escritorio,41,154,1,2600,40,45,39
41402af2a88247152583bb812ba235dd,relogios_presentes,53,486,2,533,20,8,11
8dfb2df51786c583001deb21b4a94080,climatizacao,45,1045,1,5300,51,22,34
be837f2e0152a208d4386f4126d5bd7c,eletrodomesticos,60,940,2,950,25,11,15
1716ea399ed8ee62ba811e6f55180f45,automotivo,25,712,1,200,21,17,17
2629c2e1e3a0b360912763741f1bb7ef,moveis_decoracao,50,844,3,900,86,4,20
5ce6a6914bbb228f4cb4ee93c1cd0d15,brinquedos,36,225,2,1700,19,27,40
83309bfd8eef19fbfaa8e790b824b572,casa_conforto,59,349,1,1600,45,15,35
8c5876b1c7768217964f353bc7e64393,telefonia,61,440,1,250,18,3,28
5403528d987ad26e8d7cb25940411987,relogios_presentes,58,600,3,250,16,2,11
4a300735bc293723103db0d0c1bc1585,telefonia,42,661,4,250,16,4,20
fec85e6c0eab9b4bcddf9ccd917c80bc,moveis_decoracao,54,1078,1,500,35,7,27
eb8dbe7d2dd22ab3547925e49a78feb3,esporte_lazer,48,831,1,650,18,18,18
4100a608bd0aa524b06ffefba973707b,beleza_saude,39,798,1,688,17,13,16
6e7b435ac3c84fc5348dba974e184322,perfumaria,42,299,1,280,17,14,14
a5341e3f8155dbb3e62323d3ea289729,moveis_decoracao,50,422,7,2850,40,5,44
f42892b40225227fe465626ff509a92e,casa_conforto,58,335,1,1750,45,15,35
a19b6951c75da43aad691622dd2f6abe,moveis_decoracao,44,789,1,650,20,35,20
557d850972a7d6f792fd18ae1400d9b6,ferramentas_jardim,39,1310,3,13805,35,75,45
ea11e700a343582ad56e4c70e966cb36,,,,,26000,67,57,46
71a7800a633691de8ecdd17463335e2e,construcao_ferramentas_jardim,49,1845,5,550,20,16,30
d2f5484cbffe4ca766301b21ab9246dd,informatica_acessorios,51,448,1,180,16,9,16
d9a5a5120d4d357871acd5408cb10e18,fashion_bolsas_e_acessorios,40,817,1,100,16,5,16
688ad0169550f8e2eb0307b61df3ba12,cama_mesa_banho,41,515,2,1050,35,10,45
57d79905de06d8897872c551bfd09358,telefonia,59,540,4,300,17,4,12
101a896b1137f70a7bbb2b9fac61458d,relogios_presentes,46,561,1,342,17,9,12
aefd95d8fa48ead0bcdec7fb758daea0,pet_shop,22,596,1,200,23,8,15
1427b126f61597524866770b05d4eed2,informatica_acessorios,51,378,1,200,17,13,13
6b6b162b177d0f36987993aecbe1c65f,pet_shop,36,876,1,20450,35,35,35
ca5c923962558430573f83661dbe36d6,pet_shop,59,747,2,1250,40,20,30
0bcc3eeca39e1064258aa1e932269894,ferramentas_jardim,57,339,2,1800,37,22,40
b8a0d73b2a06e7910d9864dccdb0cda2,beleza_saude,43,295,1,371,20,16,16
1e291c0c369924c39765c90de669e4b4,malas_acessorios,56,948,2,9560,31,45,54
96f608a5fe010cb34dc25baee3274444,cama_mesa_banho,55,352,2,500,50,11,11
08279c494018541f71443c07d77560f8,utilidades_domesticas,48,688,2,3150,43,27,27
0bdb7583b74c0323d413497fab3f2a3c,telefonia,53,141,2,400,16,6,11
ecd7770e1f7f64ee8c295da808d2ce5b,casa_construcao,55,918,6,750,16,20,16
e583bb5fa3cb1e876a6ea48f21dfef34,artigos_de_festas,59,761,1,350,27,9,19
3a77cc438baf789ed16b12b553ce504a,pet_shop,46,377,1,600,25,40,25
11875b30b49585209e608f40e8082e65,esporte_lazer,26,1465,1,1032,17,15,16
ca815d1a82897d9d4503e2e367931d03,cama_mesa_banho,54,204,1,2100,45,20,25
c9bd28e8a4220af0723c7b7f97778681,informatica_acessorios,57,1502,2,300,18,8,20
568ba441f7f464dc73d23a91cf8ca671,cama_mesa_banho,49,271,1,2200,40,15,27
50d77758742285ff49f340ebdf0df5a7,eletrodomesticos,56,953,3,500,30,12,17
566d15b940c0d5e7a0a37c82b8ce353f,papelaria,58,327,9,400,21,7,15
0c4e43e25f781898363a83f9a7390ebb,informatica_acessorios,47,1991,3,484,18,11,15
f77dd338d9f75229a09cbb9a18fd0c9a,cama_mesa_banho,42,734,5,400,20,20,20
cd71c76f5ab15f51f24fb214fc42d8ab,perfumaria,43,714,1,367,21,15,18
2fc7741cb6ea76e7164f448adc44652d,cama_mesa_banho,54,168,1,700,26,7,26
fcf19b6b1ff4a17bcd6ca9675b58aa6f,beleza_saude,49,1211,1,725,26,17,22
7c4bc321009f51cefbb3877de6b98bae,cama_mesa_banho,58,268,1,3600,41,8,36
81a3d1dc085d3226530f23cd4af5030b,brinquedos,44,232,3,547,22,13,21
b7d94dc0640c7025dc8e3b46b52d8239,informatica_acessorios,59,636,1,800,35,12,15
eaa26a34984cbfedc19b1e45f09f3c9a,cool_stuff,49,214,2,422,18,12,15
729c55b4509d36c18b86f0bacc17ca5d,telefonia,58,702,6,250,18,4,12
c3002d67c0b8c6449c3a80c1556ad8c5,moveis_cozinha_area_de_servico_jantar_e_jardim,53,1563,3,3300,40,20,60
b5e13c9a353102f79c6206ff5cb61a50,brinquedos,59,249,2,1500,40,25,20
d1c427060a0f73f6b889a5c7c61f2ac4,informatica_acessorios,59,1893,1,6550,20,20,20
f24bb438da3185d5fd5a19e4d7433827,instrumentos_musicais,56,760,4,2900,47,9,47
4d9e8a6d8d07e4f47e093b8c2999ae01,eletronicos,60,517,4,200,16,6,14
283dc451ad3918badb976d56ff887289,cama_mesa_banho,58,188,1,1650,44,2,35
ca38c039b717207dec906f4fa9a21db7,beleza_saude,53,3734,5,538,23,12,34
0c753fe6a58dfa7a27bda5de76e779c3,esporte_lazer,15,1127,1,1338,23,12,14
a9028257171c93a8d948ff95a0082b0d,eletronicos,25,351,2,550,17,8,16
1a0d662b65b5ef08796501b064c853af,automotivo,55,1065,5,900,45,12,45
2b0ee2d07306f7c9ac55a43166e9bb4b,cama_mesa_banho,57,504,1,1450,30,15,30
57fcacc3434a1f2f2b039c1b4e61f5e1,telefonia,39,365,13,50,16,3,11
ae27a5524edb2c8dc4656c670f458fb7,utilidades_domesticas,58,364,1,1000,40,28,28
db123b35396aafabb2d5b476557abed5,casa_conforto,59,349,1,1700,45,15,35
a60613d36f37a7b27d3344f40f6a7945,beleza_saude,44,696,2,350,19,11,23
81e11b02560e506662f5d75a88b94fa5,utilidades_domesticas,43,403,1,8700,19,48,27
98c2f7da94217786e372e7d85462c354,cama_mesa_banho,45,238,2,2700,30,11,20
98e91d0f32954dcd8505875bb2b42cdb,climatizacao,26,1445,1,1132,33,39,20
475af23239b1120761482ea242b1a271,esporte_lazer,60,576,5,23800,80,12,22
ac6c3623068f30de03045865e4e10089,ferramentas_jardim,59,409,1,3750,35,40,30
8e7a3ee016b12c87b5e3e7e717620758,industria_comercio_e_negocios,56,2083,4,850,40,30,30
e82773dd03318132e509b6330c868c7f,beleza_saude,55,768,1,150,20,10,20
c5b72065154ec27c2d1ed8a654c3348f,relogios_presentes,36,1116,1,416,18,9,13
a0450529bd974ebeaf93b1731184396a,cool_stuff,51,873,3,900,18,9,27
18901878788fec7ddc55e64d1ace8187,bebes,38,471,2,8250,44,32,35
f196248e8b5d060cca414a664ea9a76f,automotivo,58,1167,1,1900,90,14,18
78c3942245093508f8e17ffc06a0dfcf,moveis_decoracao,56,516,3,313,24,15,14
dce4459168283eed926d7af76ba39e02,telefonia,50,165,3,150,18,6,11
0c4a0f8ab44f9acd2d04e7024f9ba362,alimentos,49,740,1,388,16,16,14
01c666c82f414c762ad21bffa56e8b49,brinquedos,55,242,2,50,25,11,15
87b08e712cc4c9fe70984c5a24b29e2f,brinquedos,23,475,1,300,25,16,16
f71a7c95a86564873cd996896b2976f6,informatica_acessorios,60,1201,5,900,28,29,12
d537e54e990d95194a5733e79f1af1aa,esporte_lazer,51,2047,1,50,20,20,20
bd07b66896d6f1494f5b86251848ced7,moveis_escritorio,55,955,1,8267,52,52,17
3f27ac8e699df3d300ec4a5d8c5cf0b2,consoles_games,37,1172,2,200,16,5,12
527e17a9217166ba1744ef81423887ba,moveis_decoracao,50,1903,2,800,60,7,14
80033c8e73f5b367b3809549337f0122,esporte_lazer,58,379,1,1800,20,31,16
f3dadec221142e379d7113915c1d0fa8,informatica_acessorios,57,206,4,250,16,6,14
7814c273ab16783d73a9863ebfa8b141,moveis_decoracao,51,756,1,12250,45,35,45
f5badee8a0e679f057ec0ca4f0f32dcb,construcao_ferramentas_construcao,59,427,8,450,20,10,15
99a4788cb24856965c36a24e339b6058,cama_mesa_banho,54,245,1,1383,50,10,40
89e30d3452ed2e7f8d86803da7954f05,relogios_presentes,51,449,2,300,16,11,11
0c4d0a08f95c7b7dc5dc7402bfdafd4c,informatica_acessorios,49,409,3,300,16,6,17
e0bb3159111d86828b5caef8725ff055,utilidades_domesticas,63,103,1,2500,30,6,30
23227b07fc69250d2fa4be6602011aea,cama_mesa_banho,46,171,2,1250,45,10,15
8f71fe1e1b5bbb6773e7276b5c37ef65,papelaria,57,921,5,6250,25,50,25
7e97894cc00196a56d6ec315c68b2353,esporte_lazer,20,420,4,3300,78,20,38
f6fa93875f4a7dac03e0a22143f4d815,cama_mesa_banho,37,212,2,450,25,9,19
3d514fecadf6cef40a2a32a3c20cd1c8,brinquedos,46,1533,6,350,25,16,16
3631b85819ccd66432f8e4b5fb568cf2,utilidades_domesticas,33,311,3,150,16,9,11
3c949f7dabf571691248f935a0063fbd,beleza_saude,49,787,2,150,20,10,20
3cb39171fd36c50097f2dedbbe0dfe6e,automotivo,60,3136,4,100,17,10,15
65e3848513c9ab70bf542e5d694cf072,beleza_saude,46,1001,1,575,25,13,14
33a8f9ff2a9a41c0c49a24d12e106151,utilidades_domesticas,56,493,4,350,20,8,13
bef21943bc2335188429e1638ef99b81,telefonia,24,222,2,200,16,2,12
315affd5901833621c947264eb9f2588,relogios_presentes,56,741,2,300,16,11,11
76d1a1a9d21ab677a61c3ae34b1b352f,,,,,550,16,7,11
013ee64977aaa6b2b25475095162e0e9,cama_mesa_banho,40,519,2,1350,45,10,55
fe01b643060a6446e59f58e3021e66b3,perfumaria,40,659,2,1250,26,21,20
dfbbf137ccb6af48e66d186a33118579,informatica_acessorios,45,722,2,450,20,30,30
cbecf0dca7a42c56c9ad9e20c74af1fd,utilidades_domesticas,52,1374,2,1110,20,20,18
5637032095493f280eae8d9da00da6f1,malas_acessorios,54,507,1,750,81,6,11
381169576b9f3c083a1c3261da161a3b,informatica_acessorios,43,677,2,225,25,9,29
2ffb8b836bb62d53a77a69a67814fffa,moveis_decoracao,56,297,2,600,100,5,11
c072e7b87c8413341505d50d8234fbc2,papelaria,49,151,4,7900,35,55,25
b1cbf530dc2a793ced8e0768ffcce501,telefonia,40,580,2,100,16,3,11
473795a355d29305c3ea6b156833adf5,perfumaria,36,605,2,100,20,20,20
2155593e689475e40e4c8b93143c0287,brinquedos,55,418,3,712,47,13,32
a35a9f46dcee0a67c8c7ad8493eb4135,informatica_acessorios,33,1084,2,200,41,2,29
d36d9ea1497c1e294498cc39df08a687,cool_stuff,29,953,1,200,16,20,20
7933eeb8cf79ae899bfac71c0edb076d,moveis_decoracao,63,233,8,2550,42,17,32
0a4093a4af429dc0a9334300e5c13ae5,beleza_saude,56,389,1,300,16,5,15
ead9ade61e81ab9e26d83640c3164e76,fashion_underwear_e_moda_praia,55,487,3,550,17,9,27
25d6edcd216a9ee579f19f92d694f7d5,telefonia,57,1568,1,100,18,6,11
3db75f31b76375c502f64d550dcd1166,informatica_acessorios,34,1078,2,200,41,2,29
677883eb52acde220f6d79fe67bba70a,brinquedos,41,1517,1,1600,28,36,27
08574b074924071f4e201e151b152b4e,ferramentas_jardim,36,450,1,9000,42,12,39
4413a608a42bd21bbf9d5abbd58c249a,cool_stuff,57,1620,1,2350,16,40,16
dfb97c88e066dc22165f31648efe1312,automotivo,53,597,1,5417,47,44,44
4fe644d766c7566dbc46fb851363cb3b,artes,48,1232,1,1700,65,6,50
d143bf43abb18593fa8ed20cc990ae84,informatica_acessorios,42,245,1,500,16,15,15
8d98dedc3c19de17f1a090195e85d6b6,brinquedos,40,617,4,300,16,7,20
8d4e92265a16e69a1e1d76e67e46d72f,instrumentos_musicais,45,422,5,30000,80,75,36
36826c711e5778c8d88a7311cc29c446,cama_mesa_banho,54,297,1,5450,20,20,20
4befae07dba4384f6d8237ad1e7f8294,musica,33,3853,2,900,18,18,18
81b6c7c058add831803fcbba6dcc1df2,cama_mesa_banho,60,235,1,1400,34,7,32
914c9e9af640dd56f48764a225b00f89,moveis_escritorio,47,1047,1,7463,56,64,35
54e5063e43f27f747d592eb24e913150,industria_comercio_e_negocios,51,1136,3,3950,16,103,25
e0d64dcfaa3b6db5c54ca298ae101d05,relogios_presentes,35,514,2,4338,17,12,14
e9a69340883a438c3f91739d14d3a56d,utilidades_domesticas,60,1912,5,3000,33,12,34
7e6c4a0bf900e259f50ba63331fd2785,relogios_presentes,59,755,2,250,16,2,11
30ccf4724f5227265f837e9ba0246278,malas_acessorios,52,573,1,1450,49,10,33
e62d582ddb7630168d7227ca1f9edbd2,perfumaria,52,977,1,450,32,12,17
41b43381a92451746dc1374dbbd4c43e,moveis_escritorio,56,1287,1,10025,57,55,22
839321c2db7b3b3eaff4944c3b052ecd,utilidades_domesticas,37,570,1,1291,23,23,20
2b87ded5c8c2c971d4d5a2e4bd7b85bc,brinquedos,55,699,6,233,17,10,19
092efe1dbcc1a4752b17a19fb6de36dc,moveis_escritorio,33,1217,1,14925,53,54,18
176faef125e3675b4eeaa6083ada61e1,bebes,47,1024,2,150,19,9,12
382132cf96c88a277a65226833af5f61,informatica_acessorios,49,664,3,680,47,7,18
672e757f331900b9deea127a2a7b79fd,agro_industria_e_comercio,39,383,1,2650,30,30,20
f9b178c9fdc90bbcfbd6c6b49ed47d4c,moveis_decoracao,47,894,1,1850,30,30,30
02475368dfb38934fe55f574024fe1d7,relogios_presentes,55,569,5,250,16,2,11
4dcb49b9ca7e48d2f108d40caa77caa2,pet_shop,63,1541,2,850,24,20,24
9aed412277ca4485a7bf6e0c53e65786,informatica_acessorios,63,292,3,100,25,2,16
06edb72f1e0c64b14c5b79353f7abea3,cama_mesa_banho,39,161,2,350,25,8,19
9351b1e4334769dc0abe871ee3c7abc3,beleza_saude,56,329,2,350,19,17,15
df3655ac9aa8c6cbfa63bdd8d3b09c50,telefonia,58,549,3,300,17,4,12
059344baebbeaa42fa9f2bbe11b1583e,construcao_ferramentas_iluminacao,55,1548,4,1400,24,15,38
2dd91cf063cf57cb0eebef072746daab,beleza_saude,60,919,1,200,22,3,15
b0141fc41043ae23a16677f3a7e282b3,utilidades_domesticas,51,300,3,10900,68,30,32
ea3be87c5c6c69043c9eb7836199c200,cama_mesa_banho,59,367,2,600,60,9,50
a00cd7752fb98e0a8382def60ecc0b17,telefonia,51,597,2,200,18,4,16
677d8ace413e0060fa8686cde56eaf10,relogios_presentes,54,619,1,303,19,11,16
4dba4de4cd67ba2191c34468ac2ca841,pet_shop,64,600,6,13250,55,36,40
5a6e53c3b4e8684b13388d6aa4afdf12,utilidades_domesticas,45,176,2,200,19,9,12
cd59f488cef311feb633141ad1e8563d,alimentos,40,911,1,450,16,14,14
ff6caf9340512b8bf6d2a2a6df032cfa,,,,,200,16,5,12
363218ba55c610b750224f90bdd34be1,cama_mesa_banho,46,279,1,1813,67,12,47
c7b3b8509e06ae21abdd78b541215cda,perfumaria,51,504,2,317,19,15,17
7344630ca6c1a4917e55f35c729baa7d,telefonia,57,592,1,200,19,4,11
62984ea1bba7fcea1f5b57084d3bf885,esporte_lazer,42,190,1,1092,30,26,22
18692fdc7adb29c885d8cb84eb68a97e,fashion_roupa_masculina,27,575,2,850,45,10,35
702a14f9c5a93130c3346c4de901d864,esporte_lazer,54,270,1,250,28,28,28
452f66a0f164cac57802e2cea93188ac,construcao_ferramentas_construcao,43,1009,4,350,16,61,16
2b849e71ada03a262ef4338a7abd8b79,utilidades_domesticas,56,786,6,1700,20,10,14
00ffe57f0110d73fd84d162252b2c784,utilidades_domesticas,56,1877,1,16000,16,2,11
7535f3518e1009b17aa6e3fa553e82bc,brinquedos,41,1100,3,15400,105,48,18
448f0791c4d2fc5d250a401edfc208d4,perfumaria,53,732,1,438,19,10,16
c075b8e131353552218860f1c421e4ef,moveis_cozinha_area_de_servico_jantar_e_jardim,30,1565,4,1750,20,16,30
0aabfb375647d9738ad0f7b4ea3653b1,consoles_games,49,100,4,150,16,12,12
4e3f399366b0047a572b6682f9bb166e,livros_tecnicos,28,1313,1,300,23,2,16
8bd822c04ee6a8292a7b0debc3dbd74a,construcao_ferramentas_seguranca,58,1062,4,200,16,2,11
a3daee3915d4fb98376e039ede6bdea6,moveis_decoracao,45,264,1,6450,35,30,35
6fc983af1a5229efebcc40ab26d6226c,moveis_decoracao,48,219,3,750,16,5,20
edd087ed331c3ce178ec3489b9ecf117,livros_tecnicos,55,2138,1,2450,20,30,22
00ab8a8b9fe219511dc3f178c6d79698,,,,,2100,50,30,30
da7e1b2f8c91cbf61a22b55e8cd49bcd,utilidades_domesticas,57,1339,1,2300,50,22,24
f5a7d79f27ac4b76ffb13c8ee63d4f07,automotivo,41,707,2,1150,20,20,20
aca2eb7d00ea1a7b8ebd4e68314663af,moveis_decoracao,44,903,6,2600,50,10,30
6987398dff454a3138231540e2a6ec61,informatica_acessorios,38,209,1,1033,31,17,22
c1617123e66d2491ca93ceadfd36203e,cama_mesa_banho,54,687,2,1050,32,5,30
1c0c0093a48f13ba70d0c6b0a9157cb7,moveis_decoracao,49,300,1,2500,47,21,41
2a2d22ae30e026f1893083c8405ca522,cama_mesa_banho,60,744,2,8350,50,27,38
f0af7ec9760e53f21277444f32ee3308,moveis_decoracao,59,205,1,1300,40,10,34
ddbcffa21df7d85a96fc395a6d9ca334,esporte_lazer,43,1402,1,200,16,9,16
c31539851232e3accbf0ef4c571f97f2,cama_mesa_banho,45,540,1,500,16,10,16
06f2166336faca73c644b11eaca22d06,informatica_acessorios,60,635,1,600,16,13,13
a00722035cea70bbf671b758459cde42,moveis_cozinha_area_de_servico_jantar_e_jardim,59,501,2,15742,16,95,33
4b2653088591de362e6ba85b4a474c75,cama_mesa_banho,49,603,2,18800,40,30,50
165f86fe8b799a708a20ee4ba125c289,cool_stuff,40,1456,1,2425,29,30,19
c7b3cf9de7be95b3e09e7a63315685eb,malas_acessorios,49,489,2,16250,18,53,39
784c94d1803e49492d2758907914b26c,pet_shop,55,852,1,20800,40,40,45
205604b962ebdae1c924e0d14e6e8ac1,moveis_cozinha_area_de_servico_jantar_e_jardim,42,121,1,3875,95,22,22
a55b9bc476c34d53d8f3f27c922f6374,esporte_lazer,49,718,1,800,16,16,18
3fbc0ef745950c7932d5f2a446189725,beleza_saude,50,1257,1,350,19,12,13
c8c969c3a6423f48df9fde8a13e6770b,cama_mesa_banho,52,662,1,550,28,4,22
cc47c0863559499f01b4cad750929d10,cool_stuff,33,604,1,2050,40,40,30
d5bbfcd27daa6365834ed9d16195d64e,fashion_bolsas_e_acessorios,27,208,4,250,18,9,11
422879e10f46682990de24d770e7f83d,ferramentas_jardim,56,348,2,1550,30,22,30
2b939dc9b176d7fa21594d588815d4a4,malas_acessorios,45,702,1,1300,33,10,49
85af7fadae5de53760a7d131bdf776f7,cama_mesa_banho,59,1807,4,250,16,22,11
59089e1668cc247d055ca3f9149093fc,climatizacao,56,709,1,2950,53,21,36
33e77eecc23c25a65d10f627e5053617,moveis_escritorio,48,1092,1,7400,54,53,20
bd7cab8de4d7943286634023cc06f8ff,bebes,59,1226,4,23250,23,50,84
b00a32a0b42fd65efb58a5822009f629,bebes,58,398,3,238,20,10,15
7614c62b86a81021243e438cfde78ccc,beleza_saude,53,1135,5,9900,30,39,38
6131240aedf34224270cd6f07e8229e4,moveis_decoracao,31,290,1,250,28,6,31
617186c3d97ea56c9c683a8a3974e8c1,perfumaria,59,1071,1,550,21,12,20
d63c1011f49d98b976c352955b1c4bea,beleza_saude,57,614,1,950,35,25,20
2742ee84b28b08268f169c5483f71b4a,relogios_presentes,56,407,1,1350,34,8,34
7a10781637204d8d10485c71a6108a2e,relogios_presentes,42,236,1,342,18,13,15
87cc2aef12eddf0b170234138b0946e0,informatica_acessorios,58,2455,2,350,28,6,20
0f5d0170c03b333aa1a44fa11e040e75,cama_mesa_banho,33,190,2,900,40,4,30
a157e6178c6f7a8355999fa9cb3d136e,utilidades_domesticas,50,518,1,900,25,32,25
78b7b1ff2d3f06a589354ddf2f4f9db3,perfumaria,31,355,1,448,22,17,17
2fb0efd1f61f186ffdda9e8ec70f27f2,bebes,37,224,2,4075,73,14,48
fe077ec80df6b4ee60bb4498d5ab1962,informatica_acessorios,56,195,1,200,16,15,15
c4989935ece6a2e0c0c148ede45f640e,instrumentos_musicais,54,1205,3,600,16,16,16
32a8448d1612773bcfd0c5a8dd235e4e,relogios_presentes,60,362,5,700,24,5,24
d04857e7b4b708ee8b8b9921163edba3,informatica_acessorios,33,1127,2,450,16,4,20
b532349fe46b38fbc7bb3914c1bdae07,moveis_decoracao,49,829,1,850,20,25,20
e40fa115d27ea4a80bf2136d5f0cfcd7,eletrodomesticos,60,245,3,350,27,13,17
33f789f4b4fa74053af0199658b78853,informatica_acessorios,30,385,1,480,27,16,15
02ed3b595447e948efc3eac897e4df0e,cama_mesa_banho,30,413,2,725,31,7,31
145978af3e89b318be0b717a0953649a,informatica_acessorios,56,295,3,150,31,3,28
e1c0a39b7f806727ea5121c60035ed3c,informatica_acessorios,37,499,1,200,18,9,16
7634da152a4610f1595efa32f14722fc,perfumaria,42,480,1,200,16,10,15
9df0e8a7eef2a38b74e6d5c0e224b11f,moveis_decoracao,31,635,1,28600,41,43,91
b67a7d0ef75f52b4b76368927a3037f9,relogios_presentes,29,138,1,488,19,12,15
0cf573090c66bb30ac5e53c82bdb0403,telefonia,26,108,1,128,15,8,13
9ddc4249779322828f89d2a9c04f7ee1,automotivo,54,699,1,1277,30,25,27
c4369b26f349bc301a680a89415b1344,esporte_lazer,57,1573,1,728,21,18,15
f646af315b0f3a597f69213537ca2199,moveis_decoracao,55,928,1,600,17,17,17
5411e9269501a870cabf632f05655131,papelaria,57,396,3,6550,38,30,28
4e0d01d5e5e4bd454e71e7cd1491c052,beleza_saude,37,1148,1,525,23,12,15
776b3debbda0734131d6046fca2cd957,utilidades_domesticas,55,1266,1,800,24,14,24
caa1675deee5711b3aff1e4f5946266f,eletronicos,55,1040,4,200,16,5,11
8c4456c061013adccb1ba4cbce2d0365,cool_stuff,39,771,1,1925,30,33,28
777d2e438a1b645f3aec9bd57e92672c,cama_mesa_banho,58,689,1,950,45,15,35
e7cc48a9daff5436f63d3aad9426f28b,telefonia,58,1500,4,700,32,15,21
810e2944bca9850b934e1570ba372e7d,moveis_decoracao,49,612,1,2200,30,35,30
13fcfc313dfb2217e5ee3000a702f9ef,esporte_lazer,54,1552,1,450,36,18,18
81efaa22f3868f00c8ef1879cccc3c03,informatica_acessorios,44,586,1,550,16,14,17
eb2d12bc991561d4ca5deff0e60854e4,beleza_saude,48,333,1,675,23,15,14
e1bf2f209fd2b08e1af3ed71732d9008,pet_shop,34,630,1,127,18,10,14
01ff1ff8aa5dec93e9938b989393a4ca,perfumaria,51,315,1,350,18,13,18
62c89abe1afe3a23c17765d462718a4c,perfumaria,51,805,1,540,23,13,19
183c95ad186f48c320bbac4643829d3f,fashion_bolsas_e_acessorios,36,412,5,150,16,5,20
5c699beec1e114bd15b35cf8d01ec6b5,construcao_ferramentas_seguranca,43,471,1,640,22,15,17
3a7612c720a4b764c4fb87633a7ebc88,esporte_lazer,45,233,2,800,60,15,15
bb50f2e236e5eea0100680137654686c,beleza_saude,60,2644,6,400,34,4,22
8983a3b149303c013fceabef902e835a,informatica_acessorios,39,1193,3,450,16,3,15
6782d593f63105318f46bbf7633279bf,perfumaria,30,487,1,200,16,14,12
7aab18bec732db73232f712de3ba14fc,automotivo,40,526,1,12300,62,62,19
a233df9a388d27dbdfd31731d4236db0,informatica_acessorios,45,2082,1,17400,24,55,51
55939df5d8d2b853fbc532bf8a00dc32,informatica_acessorios,40,245,1,600,26,12,13
77fdeb8d4f7502f75b6779205f30a875,cama_mesa_banho,56,333,1,12250,62,27,47
521a361808bedd9fffb32181e501e09b,utilidades_domesticas,40,220,3,1200,20,25,20
de7034010d180a33f04a16b235281265,informatica_acessorios,53,90,3,400,25,15,25
9c98b59719a74f32903537bc5c9262ce,papelaria,40,892,10,2850,32,52,19
23365beed316535b4105bd800c46670e,telefonia,56,351,1,350,19,4,11
304104a478e3a605db6072a22e4ee228,eletroportateis,54,2667,5,2600,36,13,36
50fd2b788dc166edd20512370dac54df,eletronicos,46,2285,1,150,30,10,20
1c05e0964302b6cf68ca0d15f326c6ba,moveis_escritorio,46,1159,1,9375,55,54,19
8b52d90d2e8716dad633486c6cc94ecf,telefonia,48,504,3,408,14,16,15
eec68ed7d496bb2ee6aa0a69bb78acd2,papelaria,34,332,2,850,40,15,37
909b87db6cb3a7ab26bd03cc59860136,informatica_acessorios,28,1111,1,169,16,10,12
6d44b2c01b6843eb2e68beddf853dd82,beleza_saude,25,1236,1,1450,20,20,11
ef5c31aee1d5074121a478b14d3eb50e,papelaria,58,202,5,8600,60,20,29
84904413b82eee333a3f79137e8d197e,ferramentas_jardim,60,1799,3,1600,18,22,17
3fae92f8d0ebb3317991934a6d717c47,cama_mesa_banho,60,306,1,1250,16,10,16
cee4ebfc997a2ac7f01145efb59cc7be,livros_interesse_geral,48,647,1,1450,16,25,11
940d38f0ef286bd93612fcdc91dd38ed,utilidades_domesticas,58,837,1,4300,30,30,30
6ed0ed10d62b45f3de46933b0b2989a6,bebes,32,1531,1,700,30,40,50
21b1c2f67a9aafb5af0eb06c13b9dbda,esporte_lazer,35,1132,8,9800,105,15,28
9d0aa87e8df1bdbe0f79353520a2d538,papelaria,54,111,3,550,28,12,12
66f09a6de4f2ef63aaf5349b60a0e0c0,automotivo,52,1139,1,600,16,11,11
cc81f952b83d2bdcfbd980e2a7249adf,pet_shop,41,215,2,300,30,30,30
4cb6e86e1328e77e20b5f90771683cbe,esporte_lazer,46,728,1,1100,22,27,22
dbd55362ec13c706503b1c71a5068a1a,beleza_saude,53,526,3,473,21,16,13
93a99b40878c0d888fa4f44459fcac05,utilidades_domesticas,39,97,1,200,28,2,11
7c6ff274f0411bde88f5df8db5f64693,informatica_acessorios,59,808,5,340,17,13,13
a4d286543a67e29c930c99cbd7a55a8f,utilidades_domesticas,35,465,1,700,28,19,26
56cdfe67fbda57c1dcc752f5f361f981,informatica_acessorios,60,511,1,517,22,11,13
7289a8d65ae2c86dfdee27f8af257a3d,beleza_saude,46,940,2,1100,31,20,26
12bc892d6fff0dc42c8177f3665ef00e,beleza_saude,56,3847,10,100,28,13,12
fbd4031ddbc3d02b95834b62769d3ad0,utilidades_domesticas,55,375,2,10050,37,61,26
2136c70bbe723d338fab53da3c03e6dc,relogios_presentes,55,167,3,200,16,2,11
fb78b116998a9911245664c7823e1a95,telefonia,60,762,5,350,17,5,19
d9bdf643d95cb89844c0da1a0df1d16e,perfumaria,39,572,1,475,20,9,14
586328f570ac0b651d452f1227db4d1c,relogios_presentes,47,434,1,119,17,10,13
9b02b650be0a39d8590be7d35be443f9,utilidades_domesticas,35,660,4,1200,25,12,25
71c89e9d8fa274b017279aa322cd0e19,moveis_decoracao,52,1213,3,2750,70,5,15
76d75f398634bf194ba99d7297e7d1fa,informatica_acessorios,59,1775,4,350,25,11,15
52a8061c8e8e8cea30b41344aac26431,beleza_saude,50,757,1,600,74,15,15
ef8856db4e302ad33dc4d91e40f7593c,esporte_lazer,29,531,2,1350,41,10,35
bb1fe952bdc16ef8974d4ca11aec19b7,beleza_saude,57,581,1,417,16,15,14
e819fddd6622f30e872bfc89471c1408,moveis_decoracao,60,772,1,650,16,15,13
609c35bf8122d5ab8186ed7a6bfcd843,beleza_saude,39,345,1,250,18,8,18
b1434a8f79cb3528540d9b21e686e823,cama_mesa_banho,57,184,1,13500,55,25,35
30a47cc354b9607076272300c899dce9,bebes,26,1594,5,450,26,7,22
429de6049b45a9fcb96aff1603f55d3c,cool_stuff,56,654,2,150,16,13,21
0ec7b6a863e219792bc4d50d3a62a839,cama_mesa_banho,60,2596,4,7474,54,29,40
159e7e73295b609960c0797eb64b3d39,pet_shop,52,418,1,467,22,34,21
d9c01b484ada6a360c2715a08fdf1568,telefonia,33,913,3,325,18,25,21
aacfae7cd4bac4849766f640abf2db8a,beleza_saude,38,639,2,317,17,11,12
f1b067568bb39768f754b0d1ab1abcf6,papelaria,54,241,4,3750,60,2,15
5d66715cc928aadd0074f61332698593,eletronicos,52,390,1,150,20,13,18
1fa52682d6938b129312ef4cffac1711,informatica_acessorios,30,351,1,550,34,14,14
9ecadb84c81da840dbf3564378b586e9,moveis_decoracao,41,789,1,950,20,35,20
060cb19345d90064d1015407193c233d,automotivo,49,608,1,7150,65,10,65
2f5895fbda5cbf713513c5b641383a97,ferramentas_jardim,57,931,3,575,16,13,14
525947dbe3304ac32bf51602f9557c12,cama_mesa_banho,60,236,1,2600,34,7,32
430d215740da7fdda91cc938f8fd92f6,telefonia,50,2641,8,260,19,7,13
15c30c08ae39469fbf52befff9569adb,eletronicos,29,247,1,490,18,11,13
216bb0e0cd43ffd832e0973d35e0377e,construcao_ferramentas_iluminacao,56,1082,6,200,16,16,16
71bdf1a4d18c3cd68f108547f0b4cd1c,moveis_decoracao,62,1699,1,700,60,11,11
6cdd53843498f92890544667809f1595,beleza_saude,51,625,1,900,25,12,38
f2bcc887769f563eb4f126389e64715a,cama_mesa_banho,40,207,1,700,35,7,27
c1000786be861c72021fee27d0add9fd,beleza_saude,56,2747,2,200,16,2,11
1357d7d30c1609c50ad43a42a204286c,moveis_decoracao,54,271,5,500,20,15,20
2e1963427978dab49b4bcb0a07b109cc,informatica_acessorios,52,1000,1,400,25,20,20
28a652ff04e43c1bc57937a9f8770f9b,papelaria,55,264,4,7700,28,55,37
583f158587cdecda3e8bdea694021e39,esporte_lazer,57,1042,7,800,42,8,26
a04f52ded97b5530e8783e3c002b90f0,cama_mesa_banho,54,192,1,900,44,2,36
29427de7f8a9ee983d9dbc51cec569b4,cool_stuff,54,995,1,4475,44,24,31
aa8d88eb4b9cb38894e33fa624c4287f,relogios_presentes,54,335,4,250,16,2,11
64fb265487de2238627ce43fe8a67efc,cama_mesa_banho,55,329,1,1825,44,14,34
958cd4fc82ce0223c757f47bc9d67e23,automotivo,59,1275,6,1550,23,12,16
461f43be3bdf8844e65b62d9ac2c7a5a,relogios_presentes,35,591,3,444,20,14,16
e19ddcc85537b41f22116c8d5425ef46,moveis_decoracao,48,519,3,700,26,8,22
5348b1bdd951b67a4d2a58992e2233ed,telefonia,59,818,6,250,17,4,12
5b4b8595bd33017cf3c87c8ab09c2e42,papelaria,54,231,1,150,17,6,11
cdb8d3c880b6639a70764c6734e6bb69,beleza_saude,25,447,1,30000,58,55,44
d6dc2dcbb3ef25e47ef82f3c013ab820,casa_construcao,53,646,1,6500,30,35,30
19421075ae0b585f2dc13ff149e2119d,esporte_lazer,32,1797,1,150,16,16,11
ee0c1cf2fbeae95205b4aa506f1469f0,perfumaria,44,334,1,200,16,16,13
11bbef4e2a44601d9dd471aa1fb433e6,beleza_saude,52,1222,2,838,28,14,21
1e1a186a03f0d98268516827690d4fd2,bebes,60,1078,4,575,16,18,17
a6f449f6257f26e556013151cee46b4b,papelaria,57,1470,3,700,20,50,40
eb883e95b710f252cb15d0fb41d8bbe9,sinalizacao_e_seguranca,54,908,1,3000,30,30,30
98d61056e0568ba048e5d78038790e77,automotivo,49,546,1,6400,63,11,63
10717ff440b2320081989126e858b220,cama_mesa_banho,52,263,1,4867,70,16,50
01a88bd2633c52bcc66348307cb3ae15,automotivo,44,907,1,11800,61,61,19
0e362037e5f02f62c8ce89f49cb9d520,perfumaria,53,666,2,133,20,10,16
e00d2c49504aeaf7acdc9ff7cf8a6107,brinquedos,23,587,2,2079,30,27,24
9048cbd294fe0c1a3ec8c8248bc2cadd,instrumentos_musicais,63,927,9,7500,55,18,45
25e2023ed83352bde98dc1490d14c3d8,brinquedos,30,1024,1,887,30,22,20
7f55769896fc6596e7251490b8b5e536,moveis_decoracao,45,520,3,450,30,10,25
2a71952901bd77a33530d79a65b13747,automotivo,54,705,3,100,16,6,11
b20004b530789d5db586f589da0ef3e3,brinquedos,48,804,2,800,36,31,26
26c3ead5dff3d8e393e5331273f4e91a,informatica_acessorios,45,401,1,88,16,16,12
e67307ff0f15ade43fcb6e670be7a74c,beleza_saude,47,1474,3,150,43,13,14
b0ed7fe63babb3e705115f53fa74b20c,eletrodomesticos,38,928,2,1200,28,8,13
97c58626cc3e15d514d2095f69650220,perfumaria,38,242,1,429,20,12,14
b5adf7b72a7eb667aafd446581c35f3f,relogios_presentes,44,234,1,483,17,11,13
dbb67791e405873b259e4656bf971246,informatica_acessorios,32,321,1,207,17,12,13
0c7ec2b24166d57ac38a9db523711782,moveis_decoracao,22,250,1,1900,23,50,20
d3d10495159bcc41173e3d26a273529a,artes,60,218,6,1200,39,12,12
c4cf7c2e1f190d51517eba7e8211c8e6,beleza_saude,50,1077,1,200,17,8,12
e44f675b60b3a3a2453ec36421e06f0f,esporte_lazer,35,1058,1,350,17,17,17
71f2ce4ae5dfdd3b55a51c7a2d3c4da8,construcao_ferramentas_construcao,52,1384,3,3750,40,16,25
595fac2a385ac33a80bd5114aec74eb8,perfumaria,29,178,1,400,19,13,19
a92930c327948861c015c919a0bcb4a8,relogios_presentes,59,319,4,250,16,2,20
d54c5b81fc2b38707588dd4eddc7c594,moveis_decoracao,59,455,1,7850,52,18,35
c2ece64199af7a53793ed9612a89a8cd,moveis_decoracao,59,955,7,2500,60,12,20
8323a7adeb57da21acea7e83563bed90,fraldas_higiene,49,326,1,250,20,20,20
fe59a1e006df3ac42bf0ceb876d70969,informatica_acessorios,60,2136,1,3407,28,22,23
1629b469d01aadb4f92644039ad17d5c,telefonia,59,776,6,300,17,4,12
892832da5b05b0f54578e1f14f193c22,cool_stuff,53,270,1,1000,33,44,19
4c2065301aac51ff9004422acc07765d,ferramentas_jardim,50,204,1,1663,36,14,27
13944d17b257432717fd260e69853140,cama_mesa_banho,48,203,1,400,35,5,24
f71973c922ccaab05514a36a8bc741b8,malas_acessorios,47,482,2,16100,35,65,44
8c81af91a9b96d073ccaf0d3402ec5b2,informatica_acessorios,24,1590,2,400,17,7,15
c35498fbb4358837ae16850f50c3fd22,telefonia,59,973,1,325,19,8,22
3faadd91c89ff779e6cd1fd09a46ee39,beleza_saude,60,419,1,350,32,4,11
35557c68a22ecebcf066e25ca2ddc144,ferramentas_jardim,50,741,3,300,17,7,12
9eae06d51aaa383b2bed5547a19d581c,cama_mesa_banho,52,337,1,800,16,10,16
519f3a4ea67cdce4923fbc76badd6bd2,ferramentas_jardim,27,235,1,625,23,10,14
2de4aa76a72feaca51fc8f83ae037c7e,cool_stuff,56,124,1,5600,25,37,36
152397b614be35e54106663bd5671f7d,ferramentas_jardim,57,355,1,546,16,15,15
e95ee6822b66ac6058e2e4aff656071a,esporte_lazer,52,1153,1,180,17,11,14
c9c6fde711572c1ad99ca12728c6af00,telefonia,51,678,2,150,17,8,14
242ec3ff603c92ddc1e59d83b9e40a2d,bebes,49,2830,1,200,16,5,15
24a014458ccc6e989b4fcef5fa71da58,cama_mesa_banho,53,348,1,2000,45,15,35
e53e557d5a159f5aa2c5e995dfdf244b,informatica_acessorios,33,256,1,180,17,10,13
3552627a68384dc559f0fd4cce173269,fashion_bolsas_e_acessorios,31,203,4,150,18,9,11
87ea2f45559e10519513a20b24147316,informatica_acessorios,48,2776,5,100,17,9,14
cd48f265a63e13b762601f5f794c5fca,bebidas,48,859,3,175,23,21,21
e8ca1ff2d0a28edb5be8bfbf2964dc3a,esporte_lazer,52,320,1,450,42,10,25
779559842fc122d55edbd03153f35e81,esporte_lazer,55,1028,3,200,21,13,26
94976cc078d10e74c19c62f0b3b52432,cama_mesa_banho,48,262,1,6150,52,16,44
05542c6ab7bce0a01a5f7210380e72b3,informatica_acessorios,57,582,3,850,32,10,16
84f456958365164420cfc80fbe4c7fab,cama_mesa_banho,55,312,1,1550,44,14,34
eb6c2ecde53034fc9ec47741b3232c9d,moveis_decoracao,49,829,1,500,20,35,20
4ce8f190d8026353d3d91d907ad68f23,moveis_decoracao,42,312,1,5600,40,20,40
19f0917ba5781b978298ffcd9ae225c1,consoles_games,38,41,1,150,20,3,18
b0961721fd839e9982420e807758a2a6,ferramentas_jardim,59,341,2,1850,37,22,40
5d0386961a44323a9772e63672317131,esporte_lazer,42,336,1,900,22,15,22
28b4eced95a52d9c437a4caf9d311b95,moveis_decoracao,60,1953,1,750,69,11,11
fcf64c72035fc6f17660bae96c933ffb,perfumaria,31,395,1,200,16,16,16
6ed58ce8373b3d0c7704df9daf21e4d8,automotivo,60,546,2,2100,95,25,20
0f2fd0a589cb7849c1dbedbd4109c2f8,beleza_saude,46,509,1,870,19,17,15
7ce94ab189134e2d3c05f496d635419c,eletronicos,39,400,1,200,25,7,16
5edf955f0c8417e3fea7288360c2e22d,cama_mesa_banho,29,426,1,150,16,11,11
c1cf8f51eac90b1ff478250b3d35c37b,esporte_lazer,57,326,2,280,34,13,13
6f7400c1577bd99fb7c9cd196edb6ae2,moveis_decoracao,63,837,1,2800,43,5,30
09738baf9be60e4c294fa5d0bfcc690d,automotivo,40,355,1,150,22,3,15
7583d9a579408cb84bbc7b0e4548ec18,cama_mesa_banho,59,279,1,5650,40,15,23
e7db7c40ea6647c808d48581f1308d88,bebes,59,235,2,9400,75,15,50
b944aabf1fc45c01599ee96c7f4d533e,eletronicos,60,246,1,150,22,12,14
4f3b83b83f7fb280fca4f90ba502f50e,ferramentas_jardim,32,706,2,9050,39,12,42
dea3de7c4e7aa375d564fa2ddb7099b7,utilidades_domesticas,48,210,5,200,18,4,12
d86a6c48f83b045cbba6df84926a1f25,brinquedos,58,1150,2,3900,45,33,26
8d4f2bb7e93e6710a28f34fa83ee7d28,telefonia,52,815,1,200,27,5,20
3354a4e684f5e7199f9407db70ccd92b,cool_stuff,52,847,3,1200,42,25,15
d918b3f4aa5272c2c3cd088d087ca069,esporte_lazer,58,3703,1,2083,28,23,21
72d6074ef5c81ec3102b3f2a052c5f49,beleza_saude,50,216,2,50,20,15,15
921d31a1daa51460b7a95ea5f3ab64d5,beleza_saude,40,702,1,210,17,9,12
7d187801885842645486f00fb166f378,eletrodomesticos,60,341,1,150,20,13,12
9af7b4a3262141c12ba9bd489a8573c7,market_place,37,1246,3,700,20,8,14
79c0ace2ccf0da036e787875a49151a4,moveis_cozinha_area_de_servico_jantar_e_jardim,55,1211,5,14150,100,15,15
8562e2c780a345b609e1b802d7e3e4ae,cama_mesa_banho,51,1208,1,1100,45,8,35
7340a3839a1de1e99d149b8cf052a2ec,cama_mesa_banho,56,536,1,800,45,15,35
5fc3e6a4b52b0c414458104ed4037f1c,informatica_acessorios,38,228,1,200,16,5,11
3c4223262d31fa35043380da246fb0fa,esporte_lazer,52,795,1,700,16,15,15
c777355d18b72b67abbeef9df44fd0fd,moveis_decoracao,59,695,2,3050,33,13,33
ecab3fa721d1b06c225f23c30f02eb5e,esporte_lazer,58,2738,5,175,22,9,12
01cf56cd6138b926a4802d16fc304149,eletronicos,43,3023,6,100,16,16,16
b8fb835549196ef18695839a1a749584,moveis_decoracao,31,449,1,13450,56,40,36
8c0bd0d6526379599b74a3a006d4c124,,,,,1000,30,30,30
efec0b0b076ce3f164b80145743ebc02,brinquedos,8,304,1,245,18,12,13
ccd686475dbff77b93871eae4754526b,brinquedos,60,528,2,3850,47,15,45
0ea04fc101523a27bb53845d14d7d809,construcao_ferramentas_construcao,52,303,1,100,16,35,11
e988092a8afe5d9393a5c3a7ca17691c,cine_foto,36,337,1,400,23,3,23
500870614ddcf5bd84f7d26861026c8a,telefonia,58,434,3,217,18,4,13
83b23a333b811855258c5ec9431f6d3e,beleza_saude,51,247,2,200,25,10,20
3006b8f5b476750a03137c1b2755cea1,informatica_acessorios,44,2911,5,100,16,16,16
8474d936fee23f0c45620cc2022871cc,casa_conforto,57,217,3,10050,50,30,40
86a11a09edde2267675505fc4d56d9b0,automotivo,53,1209,4,1600,30,30,30
85b8a24337b4e2571f8fee38f4253a06,esporte_lazer,51,447,1,300,20,15,18
09fbb9fc5bffc1ce6dc2f66289dfcb05,esporte_lazer,57,1666,1,3675,28,33,25
54d9ac713e253fa1fae9c8003b011c2a,cool_stuff,57,787,8,1867,36,6,36
cac52d956eff0cacf32f4b0f0f3aac5c,utilidades_domesticas,52,557,1,450,25,25,25
73bc42701d50d3c0673b38ea8fbe2e32,moveis_escritorio,47,1194,1,16650,63,61,24
f177554ea93259a5b282f24e33f65ab6,fashion_bolsas_e_acessorios,35,60,1,200,16,16,11
8ef8561be5799da29925c5baaf083a13,bebes,60,777,5,1400,26,25,25
d64e758afad411049a45e42c9a259241,perfumaria,23,193,1,100,16,11,11
54d7ad85b648d3cb2b7069ed446d7f35,informatica_acessorios,42,503,1,1067,32,13,22
e6b6e13cf71449a457269f425b89dc74,audio,38,2887,1,588,19,14,17
10714d6a49c0af9ccdab2d806887c5f5,esporte_lazer,59,254,1,700,40,45,25
e9f2586707fb45ea0f9997c54f585842,esporte_lazer,35,1034,1,1450,23,32,23
e70f7c188cd2c0f01a1f6b35411cc481,relogios_presentes,56,742,3,250,16,2,11
476f613bc92f3a20cf80a586fa45a232,cama_mesa_banho,56,207,1,500,50,11,40
330144665b875c2b4555f88d9f4ed7c1,beleza_saude,59,410,1,558,21,13,16
5b226d7c52f86ac72457617f78cff95d,cama_mesa_banho,50,381,1,875,25,18,40
42737e3759311804e830f222c6135e30,eletronicos,56,431,1,5950,98,17,18
a4800b5d0f4850922208a6cefcffed51,esporte_lazer,28,1042,1,1250,19,12,12
eb551aa4ed7eb5e2839d5b7d2896bece,telefonia,51,350,1,100,19,3,11
db886bd83f6a076a2caeb7fd02722c35,informatica_acessorios,56,186,1,710,33,14,15
4cb33e9787e8a38b82bd68e70f5f4700,perfumaria,55,878,1,333,19,19,21
d33a74e1b6cfc152b6b3f43324d54987,informatica_acessorios,56,366,1,350,27,4,34
e8c6039a25765995ac7c1ec2cbef5765,relogios_presentes,58,364,2,250,40,10,25
81e61097d1704e63a1d881c02d76934a,fashion_bolsas_e_acessorios,47,1398,1,200,16,2,11
b042c934bd8f4316e7b38633aa14266b,bebes,47,235,2,9400,75,15,50
ce6f74096c84567f22728c84f3d6e7fc,cama_mesa_banho,60,352,2,1300,30,10,30
8d1224321dc883703df71dcb5be296b3,cama_mesa_banho,57,630,2,750,55,14,38
f62cbf4416c9ef8e1b4e8d5279891f24,eletronicos,46,352,1,200,25,7,16
89e53f7e4890b10cd3fabafe0e4c2989,automotivo,58,627,1,5475,65,12,65
b92421ea3b457d6bb68c49f39d4e97a8,informatica_acessorios,38,702,2,200,16,12,20
c6ea63369936552872ae890c82175b4b,cama_mesa_banho,58,162,4,2900,35,12,30
d41dc2f2979f52d75d78714b378d4068,consoles_games,44,228,1,450,30,7,25
b3145c36d221143053908beb4564bad9,moveis_decoracao,60,1646,6,450,35,2,25
9545d45c37449ccbc376de3a04c66e71,beleza_saude,39,1749,1,1350,27,9,18
11dcc970f7a5581e1bf777b6da3f7096,utilidades_domesticas,42,659,2,1038,41,22,28
431d674f9a4fbd0957ecf6ba3fcb6899,telefonia,56,1892,4,450,17,3,11
d285360f29ac7fd97640bf0baef03de0,relogios_presentes,46,501,4,363,18,13,13
636598095d69a5718e67d2c9a3c7dde6,ferramentas_jardim,52,1834,1,3900,31,13,13
1ec486885049bbb9b79351d150ed18c4,fashion_bolsas_e_acessorios,36,412,5,100,16,5,20
cdc4af478fef19f03f1d0353c00271cd,relogios_presentes,52,364,1,250,40,10,25
bd6e8cf9fe4122c385da2bcb9f979d5d,telefonia,44,497,1,88,16,7,12
017692475c1c954ff597feda05131d73,perfumaria,54,933,1,50,16,5,11
880be32f4db1d9f6e2bec38fb6ac23ab,brinquedos,45,589,4,200,16,7,11
553e0e7590d3116a072507a3635d2877,cama_mesa_banho,38,735,5,800,20,20,20
a659cb33082b851fb87a33af8f0fff29,automotivo,60,380,1,150,16,6,11
a3bd84c2a6d25ea7bc0e55c64d0760ae,beleza_saude,34,476,1,2900,35,20,30
5b3aa845bba5aa7ba1216e36ae882cfa,beleza_saude,42,618,2,75,16,10,11
7d8e924f1da646ec896e1c0a80ef2f99,sinalizacao_e_seguranca,54,588,1,400,60,25,25
372645c7439f9661fbbacfd129aa92ec,cama_mesa_banho,60,236,1,1500,34,7,32
5232994b2d1d55105b92d445d97d0f62,esporte_lazer,58,1186,1,350,20,20,20
f819f0c84a64f02d3a5606ca95edd272,relogios_presentes,59,452,1,710,19,13,14
77f217636750a5d2e21017effe0a634d,brinquedos,52,1125,5,300,18,8,12
20bc10f7f2776f8b2eb6b817d2df190a,livros_interesse_geral,47,891,1,400,35,4,30
306b0c58328826c0564cbc520787d508,cama_mesa_banho,31,209,3,765,35,20,48
a0f12db60a5019ce1a4c21fce1697574,papelaria,59,263,3,6150,60,20,29
4c3ae5db49258df0784827bdacf3b396,bebes,44,304,1,100,16,5,16
c6bf4cdc2fc9ca1189d18f026d95af07,utilidades_domesticas,58,1237,5,5250,81,13,31
3cc842aabeddd8ef0d633a10ef8a51aa,brinquedos,32,582,4,900,44,40,16
224037b21bfa8621e39c265513ee6594,portateis_casa_forno_e_cafe,50,345,1,16550,40,60,40
2e0ce433616916840a405d0853407af8,informatica_acessorios,48,407,1,100,24,14,11
735413ccfa564132a231aad945ef85ad,esporte_lazer,55,342,3,300,22,15,22
23f91e3d76be3938bfad0ff292392502,automotivo,56,3213,2,4500,24,19,18
10876ffa7227a74d878729d3f6bea35d,pet_shop,46,474,10,2500,45,15,28
5fb8e63ae576fbfbd243c50c5ce74050,telefonia,59,603,1,275,18,4,12
a6cef514bc1c722ff447863e87e4d77d,automotivo,53,1168,1,1500,105,7,25
eb3569b5cae58e2c6f616f86d3fcd507,moveis_decoracao,60,656,3,2500,45,7,50
a9c404971d1a5b1cbc2e4070e02731fd,,,,,700,35,14,11
a3f986f6c4400aa6545d224be435f812,climatizacao,33,451,1,1655,30,30,20
dc2410804cf782c5d87dbcd201b74e9b,informatica_acessorios,44,292,1,1000,36,9,20
2d9ff06c8870a518f5f6909774e140fb,utilidades_domesticas,44,543,3,950,25,10,36
30c01cc81c9eb80469371743813789cc,pet_shop,59,732,4,300,16,16,16
8a6187b2665118d5095f99a25fd7ba7a,cama_mesa_banho,56,275,1,1300,45,15,35
786248c98cab9ad5cccdb751909da1af,papelaria,60,339,4,200,16,10,16
259bd66612b61aa4e82ce3cde9272bbc,utilidades_domesticas,57,970,5,250,16,4,11
629e019a6f298a83aeecc7877964f935,automotivo,57,1166,5,1750,30,30,30
7bcf2266b78ccc737b8f26f925d3c5d4,perfumaria,37,1209,3,135,17,4,12
bfc0d01be79d9038c7720f983bf954e0,relogios_presentes,59,2852,2,950,40,20,12
4c1bbc12438daec98a77243c2bf7a3ba,moveis_escritorio,24,985,1,15475,81,7,83
4244733e06e7ecb4970a6e2683c13e61,cool_stuff,58,598,4,650,28,9,14
c19d5ba108c34b8255cf9a524da92bc4,informatica_acessorios,40,413,5,150,16,16,20
616042729c11849827291496b18e9ec5,esporte_lazer,45,891,1,300,16,16,16
e95fb3a80ca294f39de925b6428f3a32,cama_mesa_banho,29,263,1,1300,33,9,38
b59b5899ecf4bcc294a72fdd48adaa94,telefonia,55,419,3,225,17,6,13
b2572a992f6ea1d1a7eb518d54e64620,moveis_decoracao,26,669,4,3600,26,24,50
81825b8f118d301ef4933de64545b307,utilidades_domesticas,60,402,2,10100,31,61,31
f9259c9e7c0f12c70f7a81409680a5ff,esporte_lazer,45,407,2,925,52,21,33
b60856ce32d90658dbf99b9485327c25,eletronicos,40,429,1,150,25,7,16
89321f94e35fc6d7903d36f74e351d40,alimentos,59,982,1,150,17,13,13
6592908f0a4f6e2de91310126cd1b08d,telefonia,20,538,4,189,17,15,15
32a99bb84ae79a55c0e446afc9310e1e,,,,,200,16,2,11
b69eb25e3a4def8e9cddee18712e0c5e,cool_stuff,59,993,5,7750,34,33,33
25f86162fee18735fffdb762dcb10d7c,cama_mesa_banho,58,2400,2,10800,54,27,36
11a0fdc4251f15bb96dbfff7ef5475eb,moveis_decoracao,59,2007,4,2850,69,11,11
1eb85357e22bf0c8c2a6f10eafad8423,consoles_games,49,496,2,700,17,7,17
d84895a804248d73a16480c0b2e18604,esporte_lazer,47,527,1,1150,26,25,23
6e77b89d36e50217e6793780a8ce5c82,telefonia,60,777,6,300,17,4,12
abc3432ff825d8e524db1d4eac6d2099,telefonia,54,713,4,150,17,10,13
7d0e0214a0852cf0c90032c7992cf27f,market_place,51,144,2,125,10,9,11
4a25d757ff72fad7534f478c90be77e6,telefonia,59,751,6,275,18,4,12
6ff1fc9209c7854704a4f75c9fac41b4,agro_industria_e_comercio,59,489,2,233,16,5,13
3f14d740544f37ece8a9e7bc8349797e,informatica_acessorios,44,655,1,321,19,14,13
fd1446e03cb63518fdc2d2e91f6208b2,papelaria,53,175,5,250,24,7,14
68c923fddf7f83316b53252eaf830724,cool_stuff,33,892,1,1000,42,25,15
b10eba910a974df70b8a12d0665cdb9e,cama_mesa_banho,46,246,1,550,51,4,41
394b16cd32e9f883365dd7ebac4edbe0,eletronicos,53,377,1,150,25,7,16
0b0172eb0fd18479d29c3bc122c058c2,eletronicos,53,265,2,150,22,13,15
6eda94acf0ad08a1bb12f10aef74767d,eletroportateis,47,636,1,1625,17,39,18
193cea27ec2ebc61c91cf7dd70420fad,cama_mesa_banho,52,289,1,4400,43,15,39
d6bbda35f0b8505c2f824f1d90295855,brinquedos,45,317,5,250,16,7,11
99e71b776debf2f01a69dce207e3e4f8,perfumaria,52,1891,1,250,16,10,11
a819714dd23a6ac18b1be2b13686017b,automotivo,54,393,2,100,17,17,17
2948658cb6abc82847412be7201bfc4c,beleza_saude,59,1030,5,3500,36,25,21
3fe46d73f7527ad59e36c21c3e783041,consoles_games,58,1099,1,900,30,30,40
d67212d63e76d57ee86cec463681f842,automotivo,44,123,1,640,16,11,14
5a419dbf24a8c9718fe522b81c69f61a,cool_stuff,53,537,2,1800,34,5,34
e940125d0a3c309f58f41cd21e39af06,eletronicos,55,287,3,10550,30,105,20
cc62ab8550303ced5351594a4fd87884,beleza_saude,53,1228,2,500,18,16,14
fa11ecd35f999783e96ac500532d9d45,cool_stuff,57,1023,7,7150,79,5,63
c389f712c4b4510bc997cee93e8b1a28,malas_acessorios,41,500,1,2965,41,27,34
98f34b46fd3c8edec3b0e453e0095e77,informatica_acessorios,36,835,1,150,16,2,11
91b08d34d0ba4db44da2dc382867ba49,telefonia,47,137,2,100,16,4,11
fa28f114992077c601cdb9810c5108a4,utilidades_domesticas,58,605,1,2500,33,31,23
913eefa4eb54c8a9bcb9871dfd94a0ca,ferramentas_jardim,28,634,2,400,20,5,21
e5bd04e8e3cb77f1a49404d588d3e528,cama_mesa_banho,46,348,1,600,26,2,20
d7cdea99e6f50310c242d02f16f1f63c,relogios_presentes,41,359,4,450,23,23,20
ecbe401f10ecd3b822d940d63cc3311e,eletronicos,60,915,4,700,16,7,12
4bc3ab2ff016887e619e587a993af3bf,relogios_presentes,44,516,1,500,20,11,15
4debd977b5bc245487ec61b7961b16e3,telefonia,59,506,3,650,19,3,11
0f80705139ce16ea35bb489987399b55,brinquedos,49,216,3,550,30,20,20
ead72457c58dcea14f94c2223c684716,esporte_lazer,51,2050,1,50,20,16,12
9f1c3e71d56894398a42b050b07f1baa,cool_stuff,25,176,1,163,17,11,13
e5f2d52b802189ee658865ca93d83a8f,pet_shop,56,239,2,30000,50,30,40
03bb24d19ea7449ce170e0888d830707,informatica_acessorios,53,148,1,910,32,14,15
fdb86e192fdd20037175daab38af9656,beleza_saude,50,1410,2,800,28,5,18
2bfc998cf625e54b2c6447bfc7c18cb4,utilidades_domesticas,38,946,2,3650,61,11,38
5d7c23067ed3fc8c6e699b9373d5890b,fashion_bolsas_e_acessorios,54,151,3,250,16,2,20
209699610264262664b7357184f3b83f,beleza_saude,40,802,2,200,20,10,20
95d8de3420cf92ad4824b588db2604cf,fashion_underwear_e_moda_praia,47,360,1,400,32,4,14
84bc1370758fa98d08afd0180818217a,fashion_roupa_masculina,46,1208,2,1050,31,22,33
a4a8ee739d3d5afba72490f748dcd0da,esporte_lazer,55,472,3,6700,35,15,20
6a31191d5ac5852b0478f6e245ac5b02,utilidades_domesticas,51,948,2,1250,28,21,29
49bfa76ac7062b8b5a0bf9601623d612,eletroportateis,40,491,1,450,27,11,15
78304982b107fb026e5e9a4a1f48acae,cama_mesa_banho,57,2480,2,1950,43,8,33
e1fad996d18315862e15d09446c5c65d,cama_mesa_banho,51,572,1,6750,30,20,20
437c05a395e9e47f9762e677a7068ce7,beleza_saude,40,409,1,1110,19,11,18
aede48631330269f65a8d680de491657,malas_acessorios,45,573,1,1400,48,10,33
a0eef953cb25bc9ae40457e1c3c82946,moveis_decoracao,52,1559,4,700,68,8,13
fafb498dd2f33cbb55cbd0f7d7706047,beleza_saude,55,537,5,150,19,11,23
9da0bebb7f9168679e748abbfad05edd,cama_mesa_banho,50,147,1,450,40,4,30
4c42f0c72caf632a20df25562451c1a8,casa_construcao,56,1504,2,1160,26,18,19
8ec7eb9f181b55edfe7d45092c37a3ef,beleza_saude,49,913,1,400,19,12,13
817e1c2d22418c36386406ccacfa53e8,moveis_decoracao,37,267,1,2750,50,50,16
8b41f2becf919f6177cca1ff15dfd311,livros_tecnicos,41,1362,1,1550,29,5,21
b6397895a17ce86decd60b898b459796,ferramentas_jardim,43,1134,1,1400,27,9,11
64d67d69ec57113ff99bbaab62ac1c53,automotivo,55,3357,1,2250,16,25,11
ad88641611c35ebd59ecda07a9f17099,,,,,450,16,7,11
de64d6bf725afcae6b5bb5f3304646f3,esporte_lazer,53,895,1,700,16,16,16
1531b09bff3fb016e5f0b4435b643672,eletronicos,45,676,2,500,25,11,18
ff5d87897ed26d564711df324b98ebee,relogios_presentes,49,443,2,350,19,13,19
6536314c94d43b787fc1c622941da14b,telefonia_fixa,42,309,3,100,19,3,20
41db6d8062fcd38410c699743ccc0265,telefonia,49,1438,2,125,19,5,11
68bf2e76db1d8e846042e54da87399ca,cama_mesa_banho,55,743,2,6850,59,22,37
4535b0e1091c278dfd193e5a1d63b39f,livros_tecnicos,52,1192,1,850,29,3,21
9453bde60c4ee52155c963641736cfc5,beleza_saude,44,1056,1,750,30,30,30
ccadfeab525a9eb1569983b66e5075c4,fashion_bolsas_e_acessorios,35,920,7,100,20,2,25
b76364870c38ddd7dcc9dd9ab5abeeb4,eletroportateis,60,569,2,1200,25,20,20
d99a9035db5875b38e59f9f55b9548f1,moveis_decoracao,63,157,3,10100,64,8,64
5c6a3e484e7aebf406c2045718dea406,beleza_saude,49,451,3,1150,42,11,12
6ea7a562f5a6249001ce232582060265,beleza_saude,51,1672,1,200,23,24,20
6a595ba787e397469b1a147508f361a9,automotivo,57,1553,3,500,16,21,18
8317b177579dd27ff068b83205e2169b,cool_stuff,43,465,1,400,18,12,14
4089861a1bd4685da70bddd6b4f974f1,ferramentas_jardim,44,152,1,1500,27,6,23
c8e7c2ef329fcda4a233e7e2f8bb8b7d,utilidades_domesticas,58,1245,1,200,16,12,11
2fd91ba79b5f4f8342b67bd79cb54b3f,brinquedos,58,761,3,450,38,12,20
84f5c4f480ad6c9998d6a6860f1a2e41,alimentos_bebidas,56,963,1,1100,16,15,15
d6fe3b4ddecd4a8393c6a1385de3bfb6,moveis_escritorio,46,1157,1,16650,63,58,24
8695c431b31927efef5343e675f279e7,perfumaria,57,287,1,450,23,8,15
a0eccc912d428eaddf1ef4fe47593ece,moveis_escritorio,36,809,3,30000,62,55,60
884fa3cd42986ba480ea2f8ae4e25ff7,informatica_acessorios,40,354,1,850,31,11,11
a8856d651600289b162f857e26838480,esporte_lazer,50,255,1,600,20,10,15
5d90b82ad1fdff812987fa28158b7984,cama_mesa_banho,52,408,1,1400,20,20,20
639cacc61d50ee82079176b446399376,construcao_ferramentas_jardim,26,1221,2,300,25,16,16
10dae91e0aba95747e90280edeffe883,bebes,54,1027,3,100,17,6,11
722f84416177a451c3be217ef8ffa082,moveis_decoracao,57,849,1,19200,58,40,50
40161099308e1f5f784d57e2b88b31b5,beleza_saude,43,816,1,1300,33,10,16
45f0310974e6082deeda855f91984347,moveis_decoracao,60,194,1,2800,50,10,40
8afee64dc809d5e833ae113a81774ddc,informatica_acessorios,58,899,1,250,16,2,11
c30af44af15fb162e1ee0233c7e5d583,beleza_saude,59,382,1,150,16,17,14
1809be4f054d8243278d6c83207696ee,beleza_saude,60,360,1,3500,24,15,17
7d50930301709838d8e90dcac5cfaa84,esporte_lazer,59,254,1,1650,40,45,25
ba47e9a1c96e01fc866a0b30f9c78e00,brinquedos,56,875,4,3000,20,62,35
ed08ea04c92f5f434c2362f7310fb328,utilidades_domesticas,29,1319,2,100,28,17,11
3dd2a17168ec895c781a9191c1e95ad7,informatica_acessorios,48,894,1,533,22,11,20
c1488892604e4ba5cff5b4eb4d595400,moveis_decoracao,59,426,2,1400,32,6,28
99aa268744e2967e0ed6d3b22a38eff2,esporte_lazer,48,1700,2,750,59,14,12
91c82ace62e0ca1b69b1a45bcc214b45,relogios_presentes,60,992,1,308,16,11,12
4e6a8880f494b097db7cf4866e0209d8,utilidades_domesticas,40,549,1,1275,29,21,29
9bde344a67494559d37249506076d638,papelaria,49,1853,3,900,20,35,45
47a4d6ab2e9b253f8c3c8aefa0c40285,perfumaria,49,571,1,250,20,20,20
7ada7bee4052075cf6310885da8c4392,papelaria,60,189,2,5550,28,55,37
ddceb6eef6af67e9fbbd4c148dbe5fd9,cool_stuff,52,516,1,4650,37,20,34
9391a573abe00141c56e38d84d7d5b3b,casa_conforto,61,407,1,5200,45,15,35
5a848e4ab52fd5445cdc07aab1c40e48,,,,,400,20,12,15
24e8c79f39c68fbdbd57a5813ae72b94,relogios_presentes,22,852,1,225,19,12,15
8232a265a535c1f886b38335667be2a5,bebes,59,1133,10,800,30,20,40
ba05e2861971098fc7ecd8162c23452a,ferramentas_jardim,63,692,1,850,22,7,17
8569e9a17c2b63e9e6e998dac2dfa533,beleza_saude,59,924,1,150,16,10,16
f921da19d229dad9bf3a94e86e7f7f32,utilidades_domesticas,57,360,2,5250,30,30,20
a50acd33ba7a8da8e9db65094fa990a4,automotivo,53,555,1,4105,67,10,67
72f3781e31206029b40584266bb01799,cama_mesa_banho,39,89,1,900,33,9,38
6a8631b72a2f8729b91514db87e771c0,eletronicos,54,614,1,100,17,6,11
85d619318aa201aca57171aabeed0048,esporte_lazer,34,343,1,150,21,4,19
f8b624d4e475bb8d1bddf1b65c6a64f6,utilidades_domesticas,46,323,1,2841,40,23,26
d04bbac48960ecb7ea311b00ca6e1cb7,industria_comercio_e_negocios,52,784,4,11325,18,105,30
372124d6931c4bc48dd0d56075ebee7c,cama_mesa_banho,58,58,1,50,20,2,15
3d1d7aa3dfc91ac9490303d6c7342e83,cama_mesa_banho,55,427,1,4900,50,10,45
ace05b62c79dffc86cd12b281dc05b93,perfumaria,34,315,2,200,20,7,15
f71f42e2381752836563b70beb542f80,informatica_acessorios,34,1078,2,250,41,2,29
bc74f63361c15c1a5baa5b97ac432e62,beleza_saude,42,500,1,4050,17,11,13
af62192c9415dbf2b36c294762acd9ed,moveis_decoracao,55,1892,3,6400,80,4,55
8b5632d7a4f86bd2f1331355305427e6,moveis_decoracao,37,273,1,2850,50,50,16
658c48e890d98bb89d28a9d5e6309676,moveis_decoracao,15,856,1,5700,56,15,36
d9d5e3c7a8d24dfb8968ba75e4313ac3,malas_acessorios,47,114,1,1150,35,10,34
22d65c4f3ab25834df12163a3403da32,bebes,33,908,1,1000,42,25,15
415dfa57292b8b7360d3f4cf2f9bff06,ferramentas_jardim,58,1063,1,472,18,19,18
63d6e7ab30f482382c9dfbbccae7da54,eletroportateis,56,1031,6,625,21,19,16
4fa33915031a8cde03dd0d3e8fb27f01,perfumaria,43,116,1,468,23,18,19
389d119b48cf3043d311335e499d9c6b,ferramentas_jardim,59,341,2,1750,37,22,40
34194988e78bc60417003c8a235b8083,informatica_acessorios,38,526,2,150,20,20,20
69ae578cb2e84390bb7c44216380ad5e,beleza_saude,60,1895,1,4650,23,23,23
53ea9da485f6aed8a6f03a85831fe021,relogios_presentes,33,439,1,346,18,10,13
41eee23c25f7a574dfaf8d5c151dbb12,,,,,200,16,2,11
44fc450365728c413fefc547592626be,eletroportateis,28,1426,1,1833,21,19,22
f5cb4f19ca215fb34aef190918d45f46,informatica_acessorios,47,219,1,200,23,11,15
8877966d8f081b2857a5e293d6ecf59e,papelaria,51,351,1,550,40,14,38
c7fd13b5e515bffdab855d0812842edb,moveis_decoracao,46,490,2,1350,30,20,20
4fb3e6ce442ce9c621ea9509e47ac951,esporte_lazer,40,1023,1,1136,26,29,21
9a060643636bd1e41788cb32262ac9ef,livros_interesse_geral,30,456,1,300,21,5,14
eb53f94fdc60278efcef123bb275658a,cama_mesa_banho,60,270,1,3400,39,13,46
7e8067e7e5ce7aec0e2cb7c1a456d112,automotivo,44,396,4,350,16,15,16
f731f8587d4088c174397e010cf892a9,perfumaria,47,963,1,375,21,11,17
b74cc46deca5ba8f6a2226df8041a0b7,beleza_saude,40,3049,1,300,16,16,16
016711f78a6a87696645db0a6a834826,beleza_saude,14,1366,2,1150,27,22,39
873ecb2fd02d35f52e5820550e538e72,esporte_lazer,33,579,1,11900,20,10,20
169e1fedd1319ca92e90e057e7123005,esporte_lazer,60,3616,5,400,28,10,13
3b9c4a90ade7d4cb7e5b5c5ba475ef9a,moveis_decoracao,40,248,2,13050,82,6,82
cd4b1bc1c7c94fdcd94b2a7a87eeb050,relogios_presentes,38,678,1,400,16,2,11
766a6a4c51c63991e78e192d802787a9,construcao_ferramentas_construcao,57,180,5,14050,54,20,40
bdf752aa5ccd0dfb9e9ed401b672f133,relogios_presentes,58,558,1,150,20,5,15
1a2d00b771a438bee7055bbd0086e003,cama_mesa_banho,55,192,1,950,44,2,36
060c17562f97e5bb60bc0dfa4dd5b3f2,informatica_acessorios,40,675,1,150,18,6,14
e38bfda757257dee1985af625f8911fc,brinquedos,64,484,2,2033,27,30,32
c4baedd846ed09b85f78a781b522f126,ferramentas_jardim,58,1893,1,5950,20,20,20
2b10e945dae5434075c8bb2be0d17325,cama_mesa_banho,60,233,1,2950,46,8,38
861857117917aaa99611defcc0d514cd,alimentos,57,2585,7,4450,28,14,28
f3b8bfa5b86249e75e5c0632acc0e82e,beleza_saude,42,614,1,2550,20,20,30
a9e9edb1bcac585bfbfa381ce40e5d99,ferramentas_jardim,53,3850,3,8600,50,40,50
ec02a5d380128f7a188e9ce8f3ddd832,cool_stuff,59,599,2,2275,45,25,18
38fa750a3a3b3204f169c86a3284d387,esporte_lazer,39,1057,1,183,16,18,16
b1d207586fca400a2370d50a9ba1da98,,,,,350,16,4,11
fbb1cfc2810efabf3235eccf4530f4ae,,,,,800,35,15,20
35ebf08a93899d44e756809e11b14754,eletronicos,55,240,1,150,18,12,15
bdcf6a834e8faa30dac3886c7a58e92e,beleza_saude,26,394,1,1614,31,16,28
c977ac034427790e883ab55f4baa68c2,fashion_calcados,57,404,4,750,22,12,33
4f2c53c9a1a7a00a247b351c1fdbed13,cama_mesa_banho,54,662,1,550,22,4,28
35afc973633aaeb6b877ff57b2793310,casa_conforto,56,176,1,1825,53,10,40
6b20221ff09d73c64c77d9d934b9904c,moveis_decoracao,63,1698,1,650,60,11,11
6cc44821f36f3156c782da72dd634e47,cama_mesa_banho,55,273,1,1050,38,10,38
53759a2ecddad2bb87a079a1f1519f73,ferramentas_jardim,58,340,2,1500,30,22,30
6de2587eae9fb1ee54a853aac774ade1,telefonia_fixa,50,399,3,200,19,5,11
9fb9a39f2e393018aaeb432394aff48f,livros_interesse_geral,34,1151,9,1950,36,5,23
42a2c92a0979a949ca4ea89ec5c7b934,utilidades_domesticas,41,799,1,7000,26,47,27
fb55982be901439613a95940feefd9ee,papelaria,52,211,2,7000,60,20,30
2bd9b51a9ab079e095aca987845d3266,consoles_games,55,450,1,300,25,15,25
266f0c6925e7873790f11b920c701190,eletronicos,44,226,1,150,22,8,12
3a264b078bf20e98f315ff65c23fa263,brinquedos,35,478,2,8100,30,36,46
20566af10fda4783935b8cef249fa4c3,relogios_presentes,39,243,1,500,22,14,21
a9516a079e37a9c9c36b9b78b10169e8,moveis_escritorio,41,1141,1,8683,54,64,31
c92a761aaccfb831d4220d44648f260a,ferramentas_jardim,55,485,6,100,18,8,12
e61b1e021d5ed7e513da1851597760cc,bebidas,60,879,2,569,20,16,16
7e99ab6d9d5d63b0190513103bdc1188,cama_mesa_banho,50,798,2,1300,28,6,28
ee3e94e918d05a5da04a4cb547e91dcc,informatica_acessorios,53,1459,4,548,20,10,16
6490b9f63b0b595e1c1402b46b0f50ad,telefonia,24,820,1,300,18,10,13
87aff1d9a5e94db6840c5b963a5cef90,esporte_lazer,59,1732,5,1500,40,20,20
ca7966fa77959536468be3c6ce1f19e1,cama_mesa_banho,52,126,2,19500,25,60,55
7272a36ac93b0f214500840025f04a73,moveis_decoracao,28,1405,3,200,35,2,25
9dae52e79d63184a0b32da87c5aabecf,relogios_presentes,40,621,1,450,22,14,27
28beefcab28e6a3b659bae1bf1cbe453,telefonia,54,880,2,250,16,12,14
49ebaaba28aca545f9a5ff9fc17ae988,papelaria,56,352,1,300,20,5,30
5a9f5760be273f3c7994beec0dbee655,utilidades_domesticas,48,693,1,850,36,20,20
f471a2281d25a1dbf3193dd5e969aa0f,pet_shop,38,555,4,400,20,4,12
f9d774a1820f792952eea079a40a7c6b,beleza_saude,46,339,4,500,28,3,19
2fd89f236e3e8f4b81b7b74f09f40186,brinquedos,22,235,1,150,17,4,13
fb7a100ec8c7b34f60cec22b1a9a10e0,brinquedos,58,321,2,150,16,16,16
71a5f1c2a5fd9889ef26b5ac22aec9c6,moveis_decoracao,60,500,3,100,16,3,11
b18fa799c2e098abdceb194c359938f6,utilidades_domesticas,56,398,1,1450,30,30,30
180fbb426ea5ab0708d43ad3f3839bb9,moveis_sala,45,843,3,7600,61,11,46
7088744b00831b410bd17716cb578f39,informatica_acessorios,51,311,1,1013,30,15,16